word_x	word_y	f_xy	f_x	f_y	pmi
savlov	marc	3	3	3	13.287712379549449
gon	na	3	3	3	13.287712379549449
howison	hogg	4	4	4	12.872674880270605
slater	howison	4	4	4	12.872674880270605
slater	hogg	4	4	4	12.872674880270605
costa	rica	3	5	3	12.550746785383243
las	vegas	4	4	6	12.287712379549449
permission	reprinted	5	7	5	12.065319958213001
honorary	pallbearer	3	6	4	11.872674880270605
cooker	hob	3	6	4	11.872674880270605
cooker	extractor	3	6	4	11.872674880270605
sales	lettings	3	9	3	11.702749878828293
angeles	los	7	7	9	11.702749878828293
choir	render	3	7	4	11.650282458934157
san	francisco	6	13	6	11.172235162129514
400	be	3	4	10	11.1357092861044
glaze	upvc	4	11	5	11.091315166745947
moderator	square	9	10	13	11.020232068684464
ltd	areas	4	10	6	10.965784284662087
united	methodist	5	13	6	10.90920075629572
born	1916	3	16	3	10.872674880270605
plead	guilty	3	7	7	10.842927536876553
shower	cubicle	3	13	4	10.75719766285067
glaze	opaque	3	11	5	10.676277667467103
stake	boost	3	11	5	10.676277667467103
pound	weigh	3	14	4	10.650282458934157
moving	sep	7	19	7	10.62474736682702
jul	moving	3	3	19	10.62474736682702
s	™	5	12	8	10.609640474436812
en	suite	5	7	14	10.579893131042759
machine	dishwasher	3	12	5	10.550746785383243
egypt	born	3	4	16	10.45763738099176
marketed	hogg	4	23	4	10.349112924213593
marketed	lettings	3	23	3	10.349112924213593
marketed	howison	4	23	4	10.349112924213593
marketed	slater	4	23	4	10.349112924213593
opinion	justices	3	24	3	10.287712379549449
extractor	range	3	4	19	10.209709867548176
hair	blonde	3	20	4	10.1357092861044
shirt	t	3	9	9	10.117787378107137
mention	honorable	3	27	3	10.117787378107137
speaker	keynote	5	23	6	10.086078518379798
review	marc	3	28	3	10.065319958213001
review	savlov	3	28	3	10.065319958213001
commerce	chamber	3	9	10	9.965784284662087
en	shower	3	7	13	9.949842740793066
storage	cupboard	4	18	7	9.895394956770689
shower	bath	4	13	10	9.85030706724215
hospice	memorials	3	7	14	9.842927536876553
average	moving	19	33	19	9.828280760912152
average	jul	3	33	3	9.828280760912152
average	sep	7	33	7	9.828280760912152
baptist	missionary	3	25	4	9.813781191217037
officiate	rev	7	17	15	9.685676365469352
announcement	formal	3	10	11	9.676277667467103
join	justices	3	37	3	9.663221514641656
window	opaque	5	37	5	9.663221514641656
stress	importance	3	17	7	9.562819617683818
billion	rise	4	11	15	9.50635266602479
online	condolence	3	31	4	9.503441070604886
degree	temperature	4	19	9	9.454822365384707
daughter	1916	3	43	3	9.446410125568507
quarter	boost	3	26	5	9.435269567963307
film	marc	3	44	3	9.413243261633308
film	savlov	3	44	3	9.413243261633308
resident	lifelong	3	19	7	9.402354945490572
shower	suite	4	13	14	9.36488024007191
email	moderator	9	41	10	9.363119782207471
ltd	marketed	5	10	23	9.349112924213593
billion	revenue	5	11	21	9.34285393374191
window	upvc	4	37	5	9.341293419754294
collar	wear	4	5	37	9.341293419754294
funeral	cremation	3	35	4	9.328354364046795
foundation	proceeds	3	20	7	9.328354364046795
panel	solar	3	18	8	9.287712379549449
sr	sept	3	7	21	9.257965036155397
surprise	pleasantly	4	49	4	9.257965036155397
file	lawsuit	4	28	7	9.257965036155397
locate	centrally	3	49	3	9.257965036155397
office	sheriff	3	50	3	9.228818690495881
deny	allegation	4	25	8	9.228818690495881
degree	bake	3	19	8	9.209709867548176
window	glaze	8	37	11	9.20378989600436
pastor	officiate	3	9	17	9.20024953829911
clinton	hillary	6	28	11	9.19085084029686
funeral	arrangements	6	35	9	9.158429362604483
son	egypt	3	40	4	9.1357092861044
30	sep	6	47	7	9.09569360725652
release	decease	3	55	3	9.091315166745947
solve	mystery	4	17	13	9.084772320879175
150	moving	3	9	19	9.039784866105864
quarter	stake	5	26	11	9.03473163837958
cemetery	interment	10	48	12	9.024677973715656
cemetery	burial	28	48	34	9.007604460356713
e	mail	3	16	11	8.998205762354464
minor	injury	5	8	37	8.985149609529017
email	square	9	41	13	8.984608158953742
bathroom	bedroom	3	12	15	8.965784284662087
ceremony	officiate	7	25	17	8.948710771303146
donald	trump	13	18	44	8.943757978332089
brother	uncle	3	31	6	8.91847856988373
list	cvent	3	65	3	8.85030706724215
double	upvc	4	54	5	8.795859283219775
town	moderator	9	61	10	8.789934449262669
50	moving	7	25	19	8.7882460991099
sales	marketed	3	9	23	8.764150423492437
stand	ovation	3	71	3	8.722927760765923
policy	foreign	4	26	11	8.712803543492216
carolina	south	3	5	44	8.676277667467103
close	jul	3	74	3	8.663221514641656
close	sep	7	74	7	8.663221514641656
close	moving	19	74	19	8.663221514641656
30	moving	12	47	19	8.655121015870538
deny	involvement	3	25	9	8.643856189774725
information	817	3	76	3	8.62474736682702
cook	spray	3	38	6	8.62474736682702
ann	mary	3	11	21	8.605888339575705
interception	throw	3	8	29	8.59965638586419
dollar	million	3	13	18	8.587272661408358
charge	intoxication	3	78	3	8.587272661408358
charge	felony	3	78	3	8.587272661408358
revenue	rise	4	21	15	8.573466861883327
conference	press	3	14	17	8.562819617683818
recommend	highly	7	27	21	8.53282487738598
funeral	arrangement	3	35	7	8.520999441989192
approve	unanimously	4	30	11	8.50635266602479
view	countryside	3	62	4	8.503441070604886
box	ballot	3	28	9	8.480357457491845
law	enforcement	4	48	7	8.480357457491845
benefit	proceeds	4	48	7	8.480357457491845
double	glaze	7	54	11	8.465710681527444
dig	ace	7	40	15	8.451211111832329
medical	81	4	49	7	8.450610114097794
center	detention	5	73	6	8.419815915556795
truck	driver	4	13	27	8.417347659966044
town	square	9	61	13	8.41142282600894
arrest	warrant	5	49	9	8.409968129600447
author	co	3	14	19	8.402354945490572
gas	electric	3	19	14	8.402354945490572
memorial	contribution	4	40	9	8.380821783940931
son	born	7	40	16	8.358101707440847
twitter	facebook	3	11	25	8.35434957257974
revenue	percent	8	21	35	8.35107444054688
pharmaceutical	company	3	3	92	8.349112924213593
church	baptist	24	89	25	8.338047760250639
brother	predecease	3	31	9	8.333516069162574
association	memorials	3	20	14	8.328354364046795
revenue	million	4	21	18	8.310432456049533
set	sentencing	3	95	3	8.302819271939658
serve	areas	6	95	6	8.302819271939658
touchdown	yard	13	21	59	8.298154126271097
public	intoxication	3	96	3	8.287712379549449
billion	percent	4	11	35	8.283960244688341
single	garage	3	29	10	8.277728290976828
center	fulton	3	73	4	8.267812822111745
fail	conversion	6	39	15	8.265344566520994
locate	ave	3	49	6	8.257965036155397
daughter	born	7	43	16	8.253765047626112
150	average	3	9	33	8.243318260190996
health	mental	4	33	12	8.243318260190996
prize	cash	3	23	13	8.233635706793656
threaten	non	3	12	25	8.228818690495881
non	profit	4	25	16	8.228818690495881
target	potential	3	19	16	8.209709867548176
e	aug	3	16	19	8.209709867548176
today	jul	3	102	3	8.20024953829911
today	moving	19	102	19	8.20024953829911
today	sep	7	102	7	8.20024953829911
comment	unavailable	4	69	6	8.17918792277128
garden	rear	5	37	14	8.177794687471414
government	federal	7	52	14	8.172235162129514
door	lock	4	52	8	8.172235162129514
church	methodist	5	89	6	8.133907043470414
church	lutheran	5	89	6	8.133907043470414
appreciate	greatly	4	43	10	8.124482030681145
death	precede	4	44	10	8.091315166745947
2016	65	3	48	7	8.065319958213001
staff	writer	5	28	20	8.065319958213001
knife	cut	3	8	43	8.031372626289665
guest	speaker	3	15	23	8.027184829326231
baptist	memorials	3	25	14	8.006426269159434
50	average	7	25	33	7.991779493195032
church	missionary	3	89	4	7.981903950025364
fund	proceeds	3	51	7	7.977857116962662
$	billion	6	65	11	7.97583794932601
4	boost	3	72	5	7.965784284662087
mark	anniversary	4	37	13	7.962781796500564
service	graveside	4	121	4	7.953811642996011
buy	prescription	4	50	10	7.906890595608519
percent	million	5	35	18	7.895394956770689
comment	decline	12	69	22	7.889681305576295
set	precedent	3	95	4	7.887781772660814
center	81	4	73	7	7.875495399332984
october	clark	3	32	12	7.872674880270606
close	average	19	74	33	7.866754908726788
30	average	12	47	33	7.858654409955671
$	million	9	65	18	7.850307067242151
term	disclose	3	26	15	7.850307067242151
force	task	3	23	17	7.84661258368441
access	rear	3	28	14	7.842927536876553
bear	1921	3	131	3	7.8392518787331555
bear	1925	3	131	3	7.8392518787331555
bear	1919	3	131	3	7.8392518787331555
rise	percent	4	15	35	7.836501267717121
marry	1959	3	132	3	7.828280760912152
marry	1972	3	132	3	7.828280760912152
nov	moving	5	35	19	7.817392444769416
dinner	breakfast	4	27	20	7.795859283219775
incident	occur	4	45	12	7.795859283219775
st	henry	3	51	8	7.785212039020267
oct	moving	4	29	19	7.766766371699448
fish	hunt	5	30	23	7.764150423492437
finish	43	3	104	4	7.757197662850669
wear	clothe	4	37	15	7.756330919033138
brilliant	absolutely	5	17	41	7.7495881292895445
suffer	injury	9	34	37	7.745683674833629
daily	editor	3	25	17	7.726318349966697
carry	yard	12	29	59	7.717013336502348
mae	2016	3	9	48	7.7027498788282935
2016	copyright	3	48	9	7.7027498788282935
private	interment	3	36	12	7.7027498788282935
public	schools	4	96	6	7.7027498788282935
contest	enter	3	15	29	7.692765790255671
light	ceil	4	65	9	7.680382065799839
lunch	breakfast	3	22	20	7.676277667467102
courtesy	photo	11	20	81	7.670328401135916
threaten	injury	3	12	37	7.663221514641656
employ	worker	4	26	23	7.648673206072501
response	overwhelm	4	50	12	7.643856189774724
$	revenue	9	65	21	7.627914645905703
appearance	court	3	12	38	7.6247473668270205
bear	1923	6	131	7	7.616859457396707
room	dine	4	68	9	7.6152870375779536
pm	2014	3	22	21	7.605888339575705
regular	exercise	3	21	22	7.605888339575705
happy	birthday	7	72	15	7.603214205277379
carry	rush	3	29	16	7.59965638586419
real	estate	7	91	12	7.587272661408357
yard	rush	6	59	16	7.57499433162992
target	price	7	19	58	7.574121293757052
investigate	accident	3	19	25	7.565853677773451
american	memorials	3	34	14	7.562819617683818
en	room	3	7	68	7.562819617683818
social	medium	4	32	20	7.550746785383243
memorial	clark	3	40	12	7.550746785383243
citation	issue	7	8	140	7.550746785383243
long	overdue	3	121	4	7.538774143717167
march	1939	3	41	12	7.515122875652522
steal	rebound	3	17	29	7.51219354461385
2011	george	3	26	19	7.509270149407084
1941	marry	4	5	132	7.50635266602479
image	courtesy	4	33	20	7.50635266602479
st	patrick	4	51	13	7.499809820158018
set	tone	4	95	7	7.495464349882053
injure	accident	3	20	25	7.491853096329675
catch	touchdown	6	48	21	7.480357457491845
suite	white	3	14	36	7.480357457491845
economic	development	5	18	47	7.470089122038019
25	feb	3	34	15	7.463283944132904
investigate	incident	5	19	45	7.454822365384707
hospital	transport	5	66	13	7.449769137658422
rear	window	3	14	37	7.440829093305208
st	burial	10	51	34	7.434714791936133
price	reasonable	3	58	9	7.429731384421878
bear	1931	3	131	4	7.424214379454312
bear	eva	3	131	4	7.424214379454312
bear	1922	3	131	4	7.424214379454312
bear	1933	6	131	8	7.424214379454312
bear	1954	3	131	4	7.424214379454312
bear	1958	3	131	4	7.424214379454312
st	cemetery	14	51	48	7.422641959635558
announce	retirement	3	33	16	7.413243261633308
marry	frances	3	132	4	7.413243261633308
marry	1952	3	132	4	7.413243261633308
marry	1987	3	132	4	7.413243261633308
beer	drink	3	16	33	7.413243261633308
marry	1971	3	132	4	7.413243261633308
marry	1937	3	132	4	7.413243261633308
200	average	3	16	33	7.413243261633308
today	average	19	102	33	7.403782932384242
hall	reception	3	28	19	7.402354945490572
file	suit	3	28	19	7.402354945490572
county	detention	4	119	6	7.392894616241506
medical	2008	3	49	11	7.383495918239256
link	click	3	20	27	7.380821783940931
head	shake	5	60	15	7.380821783940931
hand	shake	5	60	15	7.380821783940931
friend	lifelong	3	78	7	7.364880240071909
source	revenue	3	26	21	7.364880240071909
grab	rebound	3	19	29	7.351728872420604
oct	william	3	29	19	7.351728872420604
13	born	3	35	16	7.328354364046795
stay	tune	4	75	10	7.321928094887363
cause	determine	4	63	12	7.310432456049533
player	avid	3	52	11	7.297766044213372
tuesday	resume	3	48	12	7.28771237954945
$	rise	5	65	15	7.265344566520995
promise	campaign	4	26	30	7.265344566520995
central	heat	3	21	28	7.257965036155397
medical	treatment	5	49	20	7.257965036155397
sense	make	14	39	71	7.244880463961279
4	stake	4	72	11	7.243318260190996
board	unanimously	4	72	11	7.243318260190996
marry	seminole	4	132	6	7.243318260190996
victim	treatment	3	30	20	7.22881869049588
daughter	sarah	3	43	14	7.22401770423206
creation	job	3	5	121	7.2168460488298045
water	bottle	4	81	10	7.210896782498619
die	louisburg	3	204	3	7.20024953829911
st	interment	3	51	12	7.20024953829911
die	92	3	204	3	7.20024953829911
die	97	4	204	4	7.20024953829911
kill	ace	6	82	15	7.193194780765159
remove	heat	3	22	28	7.19085084029686
piece	suite	3	44	14	7.19085084029686
obama	president	6	21	59	7.18267690885116
double	standard	6	54	23	7.1791879227712805
traffic	p.m	3	26	24	7.172235162129513
funeral	p.m	4	35	24	7.158429362604483
regional	mrs	4	16	53	7.144754425707406
high	graduate	20	110	39	7.12784104277106
card	credit	4	27	32	7.117787378107137
board	chairman	3	72	9	7.117787378107137
january	2009	3	36	18	7.117787378107137
meet	preside	3	130	5	7.113341473075945
bear	ind	3	131	5	7.102286284566949
50	nov	4	25	35	7.099535673550914
hospital	ambulance	3	66	10	7.091315166745946
hospital	memorial	12	66	40	7.091315166745946
find	slater	4	220	4	7.091315166745946
find	lettings	3	220	3	7.091315166745946
find	howison	4	220	4	7.091315166745946
marry	1957	3	132	5	7.091315166745946
find	hogg	4	220	4	7.091315166745946
sense	common	6	39	34	7.084772320879174
close	150	3	74	9	7.0782590139204995
3	pound	3	48	14	7.065319958213001
future	bright	4	64	14	7.065319958213001
street	east	4	50	18	7.058893689053568
situation	monitor	3	75	9	7.058893689053568
ace	assist	4	15	60	7.058893689053568
day	sep	7	226	7	7.052495917855418
day	rainy	3	226	3	7.052495917855418
day	moving	19	226	19	7.052495917855418
day	jul	3	226	3	7.052495917855418
lesson	learn	3	11	62	7.0440094519675895
police	investigate	9	108	19	7.0397848661058635
god	bless	3	38	18	7.0397848661058635
available	tickets	5	114	10	7.0397848661058635
bear	1934	4	131	7	7.031896956675551
approve	commission	3	30	23	7.02718482932623
average	nov	5	33	35	7.020925838854548
non	injury	4	25	37	7.019365324866931
church	united	5	89	13	7.018429826050478
free	admission	4	103	9	7.016249351645075
4	quarter	8	72	26	7.002310160687201
dig	kill	14	40	82	7.000549702822764
investigate	department	3	19	37	7.000256501919226
city	kansas	6	128	11	6.9982057623544645
school	elementary	3	177	4	6.990031830908764
member	baptist	9	85	25	6.989352755800492
church	services	3	89	8	6.981903950025364
church	springs	3	89	8	6.981903950025364
ltd	serve	4	10	95	6.980891177052295
die	81	6	204	7	6.977857116962662
august	2014	3	34	21	6.977857116962662
average	oct	4	33	29	6.9702997657845795
7	p.m	3	30	24	6.965784284662087
stop	shot	5	100	12	6.965784284662087
benefit	foundation	4	48	20	6.965784284662087
find	marketed	21	220	23	6.960070633467693
50	oct	3	25	29	6.955800196089465
house	collapse	3	104	7	6.949842740793065
group	environmental	4	89	11	6.937509830666911
kill	hannah	3	82	9	6.930160374931366
review	film	5	28	44	6.927816434463066
seven	rebound	6	51	29	6.927231043892694
course	golf	3	53	14	6.922362004370958
10	tackle	3	53	14	6.922362004370958
church	memorials	5	89	14	6.911514622133966
august	pm	3	34	22	6.910742921104125
article	originally	3	68	11	6.910742921104125
page	appear	4	27	37	6.908334012478187
news	fox	3	84	9	6.895394956770689
$	percent	9	65	35	6.890949051739497
die	zebulon	4	204	5	6.878321443411748
city	oklahoma	4	128	8	6.872674880270606
$	cost	17	65	67	6.871680718034718
money	owe	3	97	8	6.857724538804634
new	zealand	3	260	3	6.850307067242151
new	jersey	3	260	3	6.850307067242151
8	p.m	3	33	24	6.828280760912152
hospital	rush	4	66	16	6.828280760912152
marry	1929	3	132	6	6.828280760912152
hospital	clark	3	66	12	6.828280760912152
marry	oklahoma	4	132	8	6.828280760912152
pm	2016	4	22	48	6.828280760912152
close	50	7	74	25	6.826720246924535
point	rebound	25	228	29	6.825660060753016
club	reception	3	42	19	6.817392444769416
center	2008	3	73	11	6.808381203474447
st	mary	4	51	21	6.80793211552035
$	000	7	65	29	6.799680994172183
thursday	2013	4	54	20	6.795859283219775
problem	solve	9	143	17	6.795265703684189
play	guitar	5	226	6	6.789461512021624
block	kill	13	43	82	6.789297839091516
18	wednesday	4	35	31	6.7891955529387635
report	contribute	10	118	23	6.788397969739114
die	salem	3	204	4	6.785212039020267
service	fellowship	4	121	9	6.783886641553699
pass	away	26	75	95	6.774440299584869
medical	center	13	49	73	6.768580195416472
effect	term	3	32	26	6.757197662850669
follow	reception	10	146	19	6.7568509028343655
lead	conversion	6	111	15	6.756330919033138
town	email	9	61	41	6.754310539531948
marry	aug	9	132	19	6.750278248910879
14	residence	3	44	19	6.750278248910879
july	2013	5	70	20	6.743391863325639
individual	conduct	3	35	24	6.743391863325639
entry	post	4	17	66	6.740817919661812
change	climate	4	225	5	6.7369655941662066
road	p.m	5	59	24	6.726997425074971
hold	meeting	5	95	15	6.717856771218502
block	avenue	3	43	20	6.709444531402301
2015	january	3	24	36	6.7027498788282935
attitude	positive	3	24	36	6.7027498788282935
mistake	learn	3	14	62	6.696086148547282
close	30	12	74	47	6.693595163685175
000	foot	3	29	30	6.692765790255671
home	arrangements	6	194	9	6.687799537362322
funeral	baptist	3	35	25	6.684498174272071
follow	interment	6	146	12	6.682850321390588
center	regional	4	73	16	6.682850321390588
teacher	grade	3	40	22	6.676277667467102
50	30	4	25	47	6.674229838818244
company	oil	5	92	16	6.671041019100955
shower	room	3	13	68	6.66973482160033
opinion	join	3	24	37	6.663221514641656
die	2007	11	204	16	6.659681156936407
book	jail	5	75	20	6.643856189774724
dig	assist	8	40	60	6.643856189774724
29	2016	3	19	48	6.6247473668270205
tuesday	aug	3	48	19	6.6247473668270205
june	27	3	48	19	6.6247473668270205
bear	ohio	3	131	7	6.616859457396707
die	88	4	204	6	6.6152870375779536
4	0	4	72	17	6.6152870375779536
150	today	3	9	102	6.6152870375779536
son	recently	3	40	23	6.612147330047386
score	inning	3	71	13	6.607450543345988
marry	1942	3	132	7	6.605888339575705
$	target	4	65	19	6.602379553798565
price	potential	3	58	16	6.59965638586419
october	2012	3	32	29	6.59965638586419
event	sponsor	13	135	30	6.589408405752348
bear	1939	5	131	12	6.576217472899361
provide	training	3	118	8	6.57499433162992
catch	yard	9	48	59	6.57499433162992
increase	percent	5	45	35	6.573466861883327
marry	1939	5	132	12	6.565246355078358
room	suite	3	68	14	6.562819617683818
mrs	24	5	53	30	6.55979192498625
park	garage	3	96	10	6.550746785383243
die	2008	7	204	11	6.548172841719417
follow	twitter	5	146	11	6.545346797640653
6	pm	3	44	22	6.538774143717167
home	funeral	21	194	35	6.535796443917271
break	cycle	3	75	13	6.528378972354789
program	successful	4	100	13	6.528378972354789
1	200	3	61	16	6.526900043428875
life	pro	4	163	8	6.523946726039528
issue	warn	3	140	7	6.520999441989191
follow	fellowship	4	146	9	6.512925319948276
december	2012	3	34	29	6.51219354461385
30	nov	5	47	35	6.510731106535364
action	commission	3	43	23	6.507810670232651
approve	council	3	30	33	6.50635266602479
lead	offense	3	111	9	6.493296513199343
die	83	3	204	5	6.463283944132904
die	wayne	3	204	5	6.463283944132904
die	82	3	204	5	6.463283944132904
december	24	3	34	30	6.463283944132904
die	80	3	204	5	6.463283944132904
county	jail	7	119	20	6.463283944132904
memorial	burial	4	40	34	6.463283944132904
insurance	health	3	31	33	6.459046951246433
thursday	29	3	54	19	6.454822365384707
position	quarter	4	53	26	6.444314707566314
watch	video	10	65	53	6.444314707566314
property	marketed	5	75	23	6.442222328605074
school	graduate	20	177	39	6.441595206212722
access	garden	3	28	37	6.440829093305208
private	cemetery	5	36	48	6.439715472994499
1	0	3	61	17	6.439437202178536
meet	absent	3	130	8	6.435269567963307
new	hampshire	3	260	4	6.435269567963307
oct	2016	4	29	48	6.429731384421878
bear	1947	3	131	8	6.424214379454312
bear	anna	3	131	8	6.424214379454312
august	wednesday	3	34	31	6.415978229354547
marry	1947	3	132	8	6.413243261633308
local	economy	4	64	22	6.413243261633308
school	principal	3	177	6	6.405069330187608
win	championship	3	177	6	6.405069330187608
follow	burial	14	146	34	6.402742402197853
visit	website	6	63	34	6.392894616241506
county	lincoln	3	119	9	6.392894616241506
donation	fund	3	21	51	6.392894616241506
community	involvement	3	119	9	6.392894616241506
murder	charge	5	23	78	6.385638800238707
score	goal	15	71	76	6.381890842930857
black	white	3	30	36	6.380821783940931
9	september	3	30	36	6.380821783940931
ticket	sale	3	40	27	6.380821783940931
bear	31	4	131	11	6.379820260095858
police	department	11	108	37	6.367765631115485
new	york	10	260	14	6.364880240071909
50	today	7	25	102	6.36374827058199
level	low	4	41	36	6.34519787421021
wear	black	3	37	30	6.341293419754294
jackson	mrs	3	21	53	6.337399503649802
8	december	3	33	34	6.325780420382969
active	member	5	22	85	6.325780420382969
vehicle	driver	3	42	27	6.310432456049533
access	room	5	28	68	6.299785211850025
19	march	3	28	41	6.292730454316074
2016	28	3	48	24	6.28771237954945
park	interment	3	96	12	6.28771237954945
family	friends	3	166	7	6.275243027587233
family	extend	3	166	7	6.275243027587233
offer	assistance	3	97	12	6.272762038083478
lead	tackle	4	111	14	6.270904091862896
center	2007	3	73	16	6.267812822111744
deny	charge	5	25	78	6.265344566520995
raise	quarter	3	45	26	6.265344566520995
save	net	3	69	17	6.2616500829632535
day	average	19	226	33	6.25602931194055
long	term	8	121	26	6.253371924854918
association	president	3	20	59	6.2530662367425585
dog	hot	3	37	32	6.248184015362812
enjoy	hunt	6	103	23	6.24757489775153
thursday	pm	3	54	22	6.243318260190996
marry	sept	7	132	21	6.243318260190996
close	today	19	74	102	6.238723686113746
door	prize	3	52	23	6.233635706793657
today	30	12	102	47	6.230623187342629
monday	2015	3	50	24	6.22881869049588
2016	26	3	48	25	6.22881869049588
pass	2016	9	75	48	6.22881869049588
receive	prize	4	70	23	6.219829907268626
child	adult	5	101	20	6.214463397518811
july	2012	5	70	29	6.207338963085429
attend	baptist	4	65	25	6.206450877467426
die	l	3	204	6	6.20024953829911
private	burial	3	36	34	6.20024953829911
die	84	3	204	6	6.20024953829911
board	chair	3	72	17	6.20024953829911
register	visit	4	26	63	6.194955238629597
service	officiate	5	121	17	6.188276896633034
locate	road	7	49	59	6.18267690885116
run	exhibition	3	179	7	6.166466681669901
bear	jan	5	131	16	6.161179973620517
cause	cancer	3	63	20	6.158429362604483
pass	0	3	75	17	6.141355849245541
14	oct	3	44	29	6.140224767226893
14	2012	3	44	29	6.140224767226893
14	rebound	3	44	29	6.140224767226893
announce	winner	3	33	39	6.12784104277106
die	residence	9	204	19	6.122247026297837
property	owner	4	75	23	6.120294233717711
thursday	june	6	54	48	6.117787378107137
thursday	p.m	3	54	24	6.117787378107137
september	2016	4	36	48	6.117787378107137
invite	public	4	18	96	6.117787378107137
case	investigate	4	91	19	6.116952726628324
teach	grade	3	59	22	6.115562712992623
street	wall	3	50	26	6.113341473075945
bear	pennsylvania	3	131	10	6.102286284566949
die	feb	7	204	15	6.1007138647481955
feel	comfortable	4	159	11	6.100360306348953
july	26	4	70	25	6.099535673550914
17	july	4	25	70	6.099535673550914
follow	cemetery	16	146	48	6.097887820669432
find	ltd	5	220	10	6.091315166745946
hospital	treatment	3	66	20	6.091315166745946
marry	d	3	132	10	6.091315166745946
cover	floor	3	33	40	6.091315166745946
hospital	children	3	66	20	6.091315166745946
last	hour	3	21	63	6.088040034713085
attend	college	5	65	34	6.084772320879174
die	2011	12	204	26	6.084772320879174
loss	suffer	3	39	34	6.084772320879174
1	000	4	61	29	6.083956547580147
residence	july	3	19	70	6.080426850603209
energy	clean	3	37	36	6.0782590139204995
message	send	3	43	31	6.077176315902789
1	tournament	3	61	22	6.067468424791579
decision	appeal	4	78	23	6.063710705351345
play	piano	4	226	8	6.052495917855418
arrest	suspect	4	49	37	6.048511670526447
ticket	purchase	3	40	34	6.04824644485406
service	rev	4	121	15	6.046921047387492
round	pick	3	35	39	6.042952145184547
vote	cast	3	76	18	6.0397848661058635
16	2016	4	38	48	6.0397848661058635
16	september	3	38	36	6.0397848661058635
officer	arrest	6	56	49	6.03557261481895
bear	mary	6	131	21	6.031896956675551
bear	nov	10	131	35	6.031896956675551
die	2009	8	204	18	6.0303245368567975
photo	submit	3	81	17	6.0303245368567975
jackson	hospital	3	21	66	6.020925838854548
explain	difference	3	33	42	6.020925838854548
cause	death	6	63	44	6.020925838854548
follow	suit	6	146	19	6.019885308668159
3	000	3	48	29	6.014693885143034
need	desperately	4	373	5	6.007714965128005
die	jan	7	204	16	6.007604460356714
15	nov	3	40	35	6.006426269159433
son	13	3	40	35	6.006426269159433
chief	police	3	13	108	6.002310160687201
thursday	2011	3	54	26	6.002310160687201
bill	clinton	4	67	28	5.999230767755229
touchdown	run	8	21	179	5.996541680227589
easy	task	3	83	17	5.995135108394497
service	funeral	9	121	35	5.994453627493357
thursday	funeral	4	54	35	5.98850436116217
true	particularly	3	71	20	5.985962166599718
die	65	3	204	7	5.977857116962662
18	april	3	35	41	5.970802359428712
increase	tax	3	45	32	5.965784284662087
july	2016	7	70	48	5.965784284662087
june	24	3	48	30	5.965784284662087
2016	24	3	48	30	5.965784284662087
monday	2016	5	50	48	5.965784284662087
free	speech	3	103	14	5.9637819317509395
30	april	4	47	41	5.960534023974884
street	animal	3	50	29	5.955800196089465
post	washington	3	66	22	5.953811642996011
attack	personal	3	33	44	5.953811642996011
die	wednesday	13	204	31	5.946492946053327
life	threaten	4	163	12	5.938984225318372
enjoy	travel	4	103	19	5.938246839643802
die	2016	20	204	48	5.937215132465316
18	july	5	35	70	5.936036941268035
road	baptist	3	59	25	5.931138141855196
march	2016	4	41	48	5.930160374931366
kill	assist	10	82	60	5.930160374931366
die	2012	12	204	29	5.927231043892694
tell	truth	6	76	39	5.924307648685928
clinton	mrs	3	28	53	5.922362004370958
19	mrs	3	28	53	5.922362004370958
marry	feb	4	132	15	5.921390165303634
wednesday	2016	3	31	48	5.918478569883731
brother	law	3	31	48	5.918478569883731
safety	public	5	26	96	5.90920075629572
double	window	4	54	37	5.908334012478187
jackson	county	5	21	119	5.907467789071264
pass	2010	3	75	20	5.906890595608519
allow	hit	4	34	59	5.902568989658425
receive	award	6	70	43	5.9020896093446975
high	standard	5	110	23	5.889681305576295
saturday	pm	3	69	22	5.889681305576295
vote	count	3	76	20	5.887781772660814
away	2016	9	95	48	5.887781772660814
june	mrs	5	48	53	5.881720019873613
college	student	5	34	75	5.878321443411748
die	2013	8	204	20	5.878321443411748
take	custody	4	204	10	5.878321443411748
traffic	road	3	26	59	5.8745546134888285
city	1939	3	128	12	5.872674880270606
10	rebound	3	53	29	5.87173593130099
hear	voice	5	95	27	5.869859864663551
6	percent	3	44	35	5.868922745409498
score	rebound	4	71	29	5.864946765638352
set	date	7	95	38	5.862246680553676
ceremony	father	3	25	62	5.859584880830162
money	account	3	97	16	5.857724538804634
home	henry	3	194	8	5.857724538804634
close	nov	5	74	35	5.855866592584052
fire	department	6	84	37	5.855866592584052
$	ticket	5	65	40	5.850307067242151
$	15	5	65	40	5.850307067242151
year	ago	8	320	13	5.850307067242151
charge	crime	3	78	20	5.850307067242151
article	contribute	3	68	23	5.84661258368441
thursday	2012	3	54	29	5.844768883700721
problem	pose	3	143	11	5.838334425576075
read	newspaper	3	121	13	5.838334425576075
long	ago	3	121	13	5.838334425576075
pass	touchdown	3	75	21	5.836501267717121
marry	e	4	132	16	5.828280760912152
year	47	3	320	5	5.813781191217037
water	drink	5	81	33	5.81035885291489
committee	bill	3	24	67	5.806585689812833
close	oct	4	74	29	5.805240519514084
receive	recently	3	70	23	5.804792407989782
1	6	5	61	44	5.804434018957784
bear	april	10	131	41	5.8036279690024335
monday	morning	4	50	43	5.8025539357937825
event	annual	3	135	12	5.795859283219775
thursday	24	3	54	30	5.795859283219775
school	high	36	177	110	5.793634618105261
die	ms	3	204	8	5.785212039020267
address	email	3	40	41	5.778157281486315
marry	oct	7	132	29	5.777654687842184
street	south	4	50	44	5.769387071858584
post	facebook	3	66	25	5.769387071858584
marry	26	6	132	25	5.769387071858584
17	marry	6	25	132	5.769387071858584
thursday	die	20	54	204	5.767290131023004
hold	funeral	6	95	35	5.758498755715848
build	wall	4	86	26	5.745970407427415
minute	9	3	56	30	5.743391863325639
dig	12	3	40	42	5.743391863325639
sunday	2016	4	47	48	5.733123527871812
busy	pretty	3	18	94	5.733123527871812
june	20	4	48	47	5.733123527871812
check	update	3	77	22	5.731419221659563
stop	lane	3	100	17	5.726318349966697
mr	sept	3	81	21	5.725469955328377
like	sounds	5	406	7	5.721912135915187
investigation	incident	3	38	45	5.717856771218502
5	000	3	59	29	5.717013336502348
5	oct	3	59	29	5.717013336502348
deal	announce	3	52	33	5.712803543492216
$	6	5	65	44	5.712803543492216
dig	block	3	40	43	5.709444531402301
fee	pay	5	35	82	5.707767953594918
saturday	26	3	69	25	5.705256734438868
january	2016	3	36	48	5.7027498788282935
tuesday	2016	4	48	48	5.7027498788282935
marry	nov	8	132	35	5.698997743967186
good	luck	12	409	17	5.694217506799673
member	church	13	85	89	5.687990231307598
bear	february	6	131	27	5.6693268772908425
report	journal	3	118	15	5.668103736021402
road	west	3	59	30	5.668103736021402
hold	ceremony	4	95	25	5.6589630821649335
8	thursday	3	33	54	5.65835575946984
event	host	5	135	22	5.65835575946984
plan	wed	4	119	20	5.655929022075299
begin	trial	3	119	15	5.655929022075299
make	difference	5	71	42	5.652538432874525
prefer	experience	3	16	112	5.650282458934158
city	york	3	128	14	5.650282458934158
hold	reception	3	95	19	5.639854259217229
finish	rebound	5	104	29	5.636182261889304
city	council	7	128	33	5.635635682969756
feel	pain	5	159	19	5.633792506430027
locate	suspect	3	49	37	5.633474171247603
officer	police	10	56	108	5.6323605509368955
july	2011	3	70	26	5.627914645905703
cause	damage	3	63	29	5.622376462364273
late	daughter	5	71	43	5.618591100951188
19	bear	6	28	131	5.616859457396707
die	mae	3	204	9	5.6152870375779536
conduct	check	3	24	77	5.605888339575705
add	mixture	3	132	14	5.605888339575705
enjoy	fish	5	103	30	5.601211852366231
different	venue	3	155	12	5.596550474996368
bear	27	4	131	19	5.591324365289569
funeral	church	5	35	89	5.589586527246603
write	letter	3	72	26	5.587272661408357
care	health	4	76	33	5.580353247468567
huge	opportunity	3	41	46	5.576523420316665
eye	believe	3	37	51	5.5757586733913165
lead	0	3	111	17	5.5757586733913165
article	appear	4	68	37	5.5757586733913165
12	assist	4	42	60	5.573466861883327
town	small	6	61	62	5.572703733042
away	2010	3	95	20	5.565853677773451
county	2007	3	119	16	5.562819617683818
die	mrs	17	204	53	5.55979192498625
2016	mrs	4	48	53	5.55979192498625
add	rebound	6	132	29	5.5552622665057365
thing	terrible	3	213	9	5.553002759323611
year	38	4	320	8	5.550746785383243
year	33	3	320	6	5.550746785383243
15	2016	3	40	48	5.550746785383243
march	30	3	41	47	5.54549652469604
company	employee	3	92	21	5.541758002155989
fire	respond	3	84	23	5.541758002155989
public	library	4	96	27	5.5328248773859805
write	song	3	72	27	5.5328248773859805
provide	lunch	4	118	22	5.530600212271467
medical	mrs	4	49	53	5.530044581592199
attend	university	3	65	30	5.528378972354789
goal	assist	7	76	60	5.5252116932761055
active	church	3	22	89	5.522472331388067
regional	die	5	16	204	5.522177633186472
bear	feb	3	131	15	5.517323783845793
pay	attention	3	82	24	5.515122875652522
use	force	3	86	23	5.507810670232651
find	offensive	3	220	9	5.50635266602479
add	assist	12	132	60	5.50635266602479
find	sales	3	220	9	5.50635266602479
saturday	2012	3	69	29	5.491131929086021
cost	15	4	67	40	5.484657594925471
march	bear	8	41	131	5.481699874115072
hospital	st	5	66	51	5.477783513828019
field	leave	3	19	107	5.468242881147029
day	150	3	226	9	5.467533417134262
provide	equipment	4	118	23	5.466469874851751
member	board	9	85	72	5.463283944132904
die	24	9	204	30	5.463283944132904
dig	seven	3	40	51	5.463283944132904
die	2010	6	204	20	5.463283944132904
good	fortune	3	409	5	5.459752253162651
hospital	wednesday	3	66	31	5.459046951246433
point	conversion	5	228	15	5.454822365384707
technology	information	3	27	76	5.454822365384707
11	marry	5	26	132	5.449769137658422
2	half	9	194	32	5.44268703952579
officer	suspect	3	56	37	5.440829093305208
friday	15	3	52	40	5.435269567963307
door	ticket	3	52	40	5.435269567963307
serve	lunch	3	95	22	5.428350154023517
kill	seven	6	82	51	5.427660034402183
yard	score	6	59	71	5.425247212125238
news	daily	3	84	25	5.421463768438277
13	assist	3	35	60	5.421463768438277
member	council	4	85	33	5.418889824774451
jan	marry	3	16	132	5.413243261633308
june	marry	9	48	132	5.413243261633308
bear	daughter	8	131	43	5.412987124031058
little	bite	3	73	29	5.409831826984172
great	grandchild	5	272	13	5.406700415766537
day	30	15	226	47	5.404797661786299
question	answer	21	134	111	5.404487246241487
die	hospital	19	204	66	5.403782932384242
church	cemetery	6	89	48	5.396941449304208
die	sept	6	204	21	5.392894616241506
today	nov	5	102	35	5.392894616241506
block	street	3	43	50	5.3875164365149395
school	attend	16	177	65	5.382701517159154
thursday	memorial	3	54	40	5.380821783940931
approach	different	9	42	155	5.3741580536599205
april	mrs	3	41	53	5.372164921810479
read	worth	3	121	18	5.368849142274855
week	last	3	104	21	5.364880240071909
saturday	mrs	5	69	53	5.3581580638165995
$	25	3	65	34	5.347806726712967
22	marry	5	28	132	5.34285393374191
today	oct	4	102	29	5.342268543171538
die	oct	8	204	29	5.342268543171538
saturday	morning	4	69	43	5.337885668790339
bear	august	6	131	34	5.3367515382039725
line	wait	3	62	36	5.333516069162574
minute	15	3	56	40	5.328354364046795
article	thanks	3	68	33	5.325780420382969
article	excellent	3	68	33	5.325780420382969
season	regular	3	107	21	5.323852971811855
pass	24	3	75	30	5.321928094887363
property	value	4	75	40	5.321928094887363
june	sunday	3	48	47	5.318086028592968
service	baptist	4	121	25	5.309955453221287
church	burial	4	89	34	5.309478608053869
like	topic	15	406	28	5.306874636636344
$	fee	3	65	35	5.305986551018341
bear	texas	5	131	29	5.303198978492945
18	bear	6	35	131	5.294931362509345
die	2004	4	204	15	5.293358942690592
service	customer	3	121	19	5.290846630273582
hold	service	15	95	121	5.290846630273582
park	memorial	5	96	40	5.28771237954945
june	2016	3	48	48	5.28771237954945
4	october	3	72	32	5.28771237954945
14	july	4	44	70	5.283960244688342
coach	football	3	61	38	5.27897252998529
center	mrs	5	73	53	5.276857961714752
die	29	5	204	19	5.274250119742887
die	27	5	204	19	5.274250119742887
give	god	4	82	38	5.267195362208937
new	brand	4	260	12	5.265344566520995
saturday	die	18	69	204	5.2616500829632535
short	fall	4	46	68	5.2616500829632535
fire	hall	3	84	28	5.257965036155397
community	involve	5	119	33	5.255391092491571
hold	baptist	3	95	25	5.243925582886089
away	stay	9	95	75	5.243925582886089
marry	24	5	132	30	5.243318260190996
available	package	3	114	21	5.23242994404826
john	st	3	47	51	5.230623187342629
pass	21	3	75	32	5.22881869049588
tax	property	3	32	75	5.22881869049588
call	phone	3	100	24	5.22881869049588
center	health	3	73	33	5.223418702753291
late	december	3	71	34	5.2204274202367404
lead	rebound	4	111	29	5.220278018792928
day	50	7	226	25	5.215994650138297
god	heart	3	38	64	5.2097098675481766
hospital	injury	3	66	37	5.203789896004358
die	clark	3	204	12	5.20024953829911
june	die	12	48	204	5.20024953829911
street	locate	3	50	49	5.199071347101829
medical	monday	3	49	50	5.199071347101829
serve	purpose	3	95	26	5.187342054519721
free	registration	3	103	24	5.186174353087387
2	0	4	194	17	5.185299196833139
soon	release	3	45	55	5.184424571137428
monday	hospital	4	50	66	5.184424571137428
attend	church	7	65	89	5.181928558333357
different	compete	3	155	16	5.181512975717524
father	son	3	62	40	5.181512975717524
play	role	6	226	22	5.178026799939277
bear	aug	3	131	19	5.1762868660107255
sunday	mrs	3	47	53	5.175128074750925
house	p.m	3	104	24	5.172235162129513
park	near	3	96	26	5.172235162129513
raise	kid	4	45	74	5.171368418311981
begin	construction	4	119	28	5.170502194905058
business	model	3	121	21	5.146456720938407
monday	die	12	50	204	5.141355849245541
serve	board	8	95	72	5.132894270497346
season	holiday	3	107	24	5.131207893869458
block	assist	3	43	60	5.124482030681145
thursday	2016	3	54	48	5.117787378107137
water	hot	3	81	32	5.117787378107137
8	bear	5	33	131	5.116785854262064
14	yard	3	44	59	5.115562712992623
report	washington	3	118	22	5.115562712992623
old	daughter	5	101	43	5.110126737704076
die	sunday	11	204	47	5.10509230525877
locate	church	5	49	89	5.104159700076362
community	resource	3	119	22	5.103387999046521
active	community	3	22	119	5.103387999046521
county	host	3	119	22	5.103387999046521
home	2009	4	194	18	5.102837036641166
money	earn	3	97	27	5.102837036641166
create	opportunity	3	57	46	5.101185410770007
13	record	3	35	75	5.099535673550914
action	take	10	43	204	5.095912878484374
minute	20	3	56	47	5.09569360725652
find	estate	3	220	12	5.091315166745946
run	yard	12	179	59	5.091178554365664
day	close	19	226	74	5.090970065670054
medical	thursday	3	49	54	5.088040034713085
arrest	police	6	49	108	5.088040034713085
friday	die	12	52	204	5.084772320879174
friday	night	4	52	68	5.084772320879174
set	rule	3	95	28	5.080426850603209
lead	effort	5	111	40	5.0782590139204995
use	land	3	86	31	5.077176315902789
stuff	kind	3	46	58	5.076094429807177
group	age	3	89	30	5.075013354416845
thursday	hospital	4	54	66	5.073393258748683
die	july	16	204	70	5.070966521354143
member	club	4	85	42	5.070966521354143
ticket	cost	3	40	67	5.069620095646627
25	marry	5	34	132	5.062746014549175
catch	pass	4	48	75	5.058893689053568
event	association	3	135	20	5.058893689053568
property	sell	4	75	48	5.058893689053568
marry	april	6	132	41	5.055691257015225
block	drive	3	43	63	5.054092702789747
play	tonight	3	226	12	5.052495917855418
let	instead	3	136	20	5.04824644485406
cool	pretty	3	29	94	5.045067534186552
receive	winner	3	70	39	5.042952145184547
vote	early	3	76	36	5.0397848661058635
example	set	5	48	95	5.0397848661058635
center	monday	4	73	50	5.038994131615864
july	marry	10	70	132	5.020925838854548
body	woman	3	33	84	5.020925838854548
add	13	5	132	35	5.020925838854548
yard	20	3	59	47	5.0204054799522835
17	lead	3	25	111	5.019365324866931
happen	accident	3	111	25	5.019365324866931
ride	enjoy	3	27	103	5.016249351645075
game	inning	3	214	13	5.015730676449523
school	central	4	177	21	5.012751907408848
type	different	5	30	155	5.011587974275212
present	award	3	65	43	5.0090048132612095
12	lead	5	42	111	5.007869686029101
die	october	7	204	32	5.007604460356714
battle	continue	3	26	108	5.002310160687201
double	door	3	54	52	5.002310160687201
assist	20	3	60	47	4.996157933705606
$	price	4	65	58	4.992326072114579
bear	september	5	131	36	4.991254972178205
3	5	3	48	59	4.990031830908764
message	post	3	43	66	4.9869785069312105
like	nightmare	3	406	7	4.9849465417489816
away	24	3	95	30	4.980891177052295
stay	strong	3	75	38	4.980891177052295
year	old	34	320	101	4.9799981438817875
article	thank	4	68	56	4.977857116962662
take	ryan	3	204	14	4.977857116962662
enjoy	garden	4	103	37	4.976720987458437
new	generation	3	260	11	4.97583794932601
problem	fix	3	143	20	4.97583794932601
thursday	mrs	3	54	53	4.974829424265094
open	session	4	147	26	4.972562817293149
add	carry	4	132	29	4.9702997657845795
service	memorial	5	121	40	4.953811642996011
big	fan	4	155	25	4.952694285221644
point	steal	4	228	17	4.952322024855524
die	aug	4	204	19	4.952322024855524
information	contact	4	76	51	4.952322024855524
detail	release	3	53	55	4.948357212903903
mr	2016	4	81	48	4.947862376664824
add	yard	8	132	59	4.945637711550311
change	forever	3	225	13	4.943416471633633
situation	difficult	3	75	39	4.943416471633633
date	check	3	38	77	4.942923326853275
1	3	3	61	48	4.941937542707719
face	challenge	5	66	74	4.940755490170565
die	2015	5	204	24	4.937215132465316
die	28	5	204	24	4.937215132465316
tuesday	die	10	48	204	4.937215132465316
day	patrick	3	226	13	4.937018700435482
9	bear	4	30	131	4.932361283124637
state	own	3	118	25	4.931138141855196
purchase	food	3	34	87	4.927231043892694
bill	president	4	67	59	4.923942640450992
minute	10	3	56	53	4.922362004370958
work	38	3	372	8	4.918478569883731
money	spend	4	97	41	4.915210033465394
family	farm	5	166	30	4.912672948202525
center	april	3	73	41	4.910260817493661
little	girl	3	73	41	4.910260817493661
photo	department	3	81	37	4.908334012478187
man	young	7	143	49	4.905448621434612
5	st	3	59	51	4.902568989658425
handle	police	3	28	108	4.895394956770689
begin	december	4	119	34	4.890394275712323
away	turn	6	95	64	4.887781772660814
die	nov	7	204	35	4.878321443411748
18	die	7	35	204	4.878321443411748
assist	seven	3	60	51	4.878321443411748
pass	march	3	75	41	4.8712666858777975
face	charge	5	66	78	4.864806636937266
time	waste	5	369	14	4.859771047039968
home	jan	3	194	16	4.857724538804634
dig	finish	4	40	104	4.850307067242151
finish	15	4	104	40	4.850307067242151
spring	begin	4	35	119	4.848574100017696
county	nov	4	119	35	4.848574100017696
opportunity	excite	3	46	68	4.84661258368441
walk	away	5	55	95	4.8433876533023605
die	april	8	204	41	4.842697533681027
bear	21	4	131	32	4.8392518787331555
road	church	5	59	89	4.836226494829729
county	mrs	6	119	53	4.834899163120619
mr	graduate	3	81	39	4.832385159244889
hospital	2016	3	66	48	4.828280760912152
marry	28	3	132	24	4.828280760912152
june	hospital	3	48	66	4.828280760912152
center	die	14	73	204	4.817779901476697
night	sunday	3	68	47	4.815585688063785
year	veteran	3	320	10	4.813781191217037
park	car	7	96	78	4.8096650827448055
way	operate	3	169	19	4.808830431265992
county	library	3	119	27	4.80793211552035
jackson	die	4	21	204	4.80793211552035
look	forward	5	206	26	4.807662729833657
medical	hospital	3	49	66	4.7985334175181
son	mr	3	40	81	4.795859283219775
comment	immediately	3	69	47	4.794524072535955
march	marry	5	41	132	4.792656851181431
big	step	5	155	35	4.7891955529387635
open	eye	5	147	37	4.785477264692654
park	burial	3	96	34	4.785212039020267
report	injury	4	118	37	4.780578465279815
bear	26	3	131	25	4.780358189679587
open	door	7	147	52	4.779917739350753
12	finish	4	42	104	4.779917739350753
poor	people	4	20	219	4.775959725782069
say	cooper	3	412	8	4.771136853808543
post	office	3	66	50	4.769387071858584
report	file	3	118	28	4.7676394095723165
saturday	2016	3	69	48	4.764150423492437
business	local	7	121	64	4.761166565053615
16	die	7	38	204	4.759676946913128
finish	total	3	104	32	4.757197662850669
dig	lead	4	40	111	4.756330919033138
medical	die	9	49	204	4.755464695626214
old	boy	3	101	33	4.755031778881514
bear	december	4	131	34	4.751789037482816
search	police	3	31	108	4.748553568441418
take	hospital	12	204	66	4.740817919661812
14	die	8	44	204	4.740817919661812
add	seven	6	132	51	4.740817919661812
live	entertainment	3	169	20	4.734829849822215
medical	saturday	3	49	69	4.734403080098384
team	tournament	3	154	22	4.731419221659563
16	county	4	38	119	4.729929603519077
saturday	hospital	4	69	66	4.719756304133983
available	ticket	4	114	40	4.717856771218502
point	15	8	228	40	4.717856771218502
hold	cemetery	4	95	48	4.717856771218502
hold	private	3	95	36	4.717856771218502
point	13	7	228	35	4.717856771218502
story	tell	11	165	76	4.717856771218502
1	record	4	61	75	4.713118852211839
12	kill	3	42	82	4.707767953594918
point	lead	22	228	111	4.7048006183930555
day	today	20	226	102	4.701998670771284
fee	include	3	35	99	4.698997743967186
25	die	6	34	204	4.697749197769927
die	23	3	204	17	4.697749197769927
14	add	5	44	132	4.690777237162218
point	seven	10	228	51	4.689287619021731
home	p.m	4	194	24	4.687799537362322
offer	class	5	97	60	4.687799537362322
die	memorial	7	204	40	4.685676365469352
center	2016	3	73	48	4.682850321390588
people	200	3	219	16	4.682850321390588
tuesday	center	3	48	73	4.682850321390588
run	hit	9	179	59	4.676141055086821
situation	similar	3	75	47	4.674229838818244
available	online	3	114	31	4.670551056440145
lot	learn	8	152	62	4.670551056440145
teach	class	3	59	60	4.668103736021402
complete	course	3	67	53	4.66362773597079
point	11	5	228	26	4.661273242852134
group	large	3	89	40	4.6599758551380015
community	international	3	119	30	4.655929022075299
win	earn	4	177	27	4.65018182802414
march	die	7	41	204	4.6500524557386305
information	visit	4	76	63	4.647467443327104
point	12	8	228	42	4.647467443327104
3	pass	3	48	75	4.643856189774724
present	challenge	4	65	74	4.640853701613201
home	wednesday	5	194	31	4.640493822583965
add	point	25	132	228	4.639246936522135
day	christmas	3	226	16	4.637458418576574
score	seven	3	71	51	4.635464919515584
body	find	6	33	220	4.631883548108648
new	perspective	3	260	14	4.627914645905703
police	incident	4	108	45	4.625934281777463
list	property	4	65	75	4.62148837674627
feel	sport	3	159	23	4.621192469650394
card	play	5	27	226	4.619536510579311
14	lead	4	44	111	4.618827395283202
include	numb	3	99	37	4.618827395283202
tough	pretty	3	39	94	4.617646310451876
22	bear	3	28	131	4.616859457396707
write	article	4	72	68	4.6152870375779536
die	elizabeth	3	204	18	4.6152870375779536
open	november	3	147	25	4.614108846380673
yard	finish	5	59	104	4.611520207655034
2	29	3	194	19	4.609797025361049
10	july	3	53	70	4.600433909483596
30	marry	5	47	132	4.595620004121877
2	chance	5	194	32	4.5946901329708405
season	improve	3	107	35	4.586887377645648
pass	monday	3	75	50	4.584962500721156
business	small	6	121	62	4.584577833330292
list	check	4	65	77	4.583520526547249
point	extra	4	228	22	4.580353247468567
14	point	8	44	228	4.580353247468567
june	bear	5	48	131	4.576217472899361
thursday	july	3	54	70	4.573466861883327
home	2011	4	194	26	4.572322319942386
follow	session	3	146	26	4.567373103970652
win	award	6	177	43	4.563767076206666
community	entire	3	119	32	4.562819617683818
4	position	3	72	53	4.55979192498625
marry	texas	3	132	29	4.5552622665057365
year	period	5	320	20	4.550746785383243
effect	long	3	32	121	4.538774143717167
die	george	3	204	19	4.5372845255766805
available	december	3	114	34	4.5372845255766805
18	lead	3	35	111	4.533938497696689
lead	13	3	111	35	4.533938497696689
win	tournament	3	177	22	4.530600212271467
away	march	3	95	41	4.53022976804273
month	late	3	55	71	4.5265305479624205
shoot	officer	3	70	56	4.520999441989191
win	match	5	177	37	4.5175440594460206
bear	july	7	131	70	4.517323783845793
center	thursday	3	73	54	4.512925319948276
follow	dinner	3	146	27	4.512925319948276
cool	let	3	29	136	4.51219354461385
lot	talent	3	152	26	4.509270149407084
9	marry	3	30	132	4.50635266602479
pass	mrs	3	75	53	4.500898235932682
finish	seven	4	104	51	4.499809820158018
business	major	3	121	33	4.494380024358714
year	50	6	320	25	4.491853096329675
bear	st	5	131	51	4.488754631649022
available	immediately	4	114	47	4.485196014428227
park	vehicle	3	96	42	4.480357457491845
point	score	12	228	71	4.475000247322338
change	mind	6	225	36	4.473931188332412
time	skill	3	369	11	4.4707287562940685
win	prize	3	177	23	4.466469874851751
22	home	4	28	194	4.465407116025874
life	non	3	163	25	4.465053036985959
take	treatment	3	204	20	4.463283944132904
go	hide	3	227	18	4.461163892258535
follow	hall	3	146	28	4.4604579000541404
investigation	police	3	38	108	4.454822365384707
available	september	3	114	36	4.454822365384707
investigation	continue	3	38	108	4.454822365384707
private	available	3	36	114	4.454822365384707
plan	summer	4	119	46	4.454295160905649
woman	young	3	84	49	4.450610114097794
house	market	4	104	53	4.444314707566314
1	fall	3	61	68	4.439437202178536
add	12	4	132	42	4.435963338133392
simple	pretty	4	59	94	4.4354429792311265
year	marriage	3	320	13	4.435269567963307
year	anniversary	3	320	13	4.435269567963307
find	internet	3	220	19	4.428350154023517
point	finish	17	228	104	4.426807989215111
real	stuff	3	91	46	4.426280784736052
bear	october	3	131	32	4.424214379454312
country	club	3	100	42	4.421463768438277
issue	address	4	140	40	4.421463768438277
expect	week	6	81	104	4.417347659966045
hold	church	6	95	89	4.412048341694416
open	public	10	147	96	4.409968129600448
4	5	3	72	59	4.405069330187608
race	win	6	48	177	4.405069330187608
speak	experience	3	38	112	4.402354945490572
daughter	marry	4	43	132	4.402016006210054
like	baseball	4	406	14	4.3999840410278255
house	order	3	104	41	4.399645658232586
17	point	4	25	228	4.395928676331139
19	die	4	28	204	4.392894616241506
22	die	4	28	204	4.392894616241506
die	2014	3	204	21	4.392894616241506
save	finish	5	69	104	4.385638800238707
team	name	3	154	28	4.383495918239256
short	pretty	3	46	94	4.379486573257111
appeal	right	3	23	188	4.379486573257111
direction	right	3	23	188	4.379486573257111
lead	fail	3	111	39	4.377819295779408
political	issue	3	31	140	4.3741580536599205
center	county	6	73	119	4.372995058803801
8	marry	3	33	132	4.368849142274855
point	21	5	228	32	4.361712960993226
project	fund	3	86	51	4.358947284318169
team	football	4	154	38	4.3579608261321185
1	4	3	61	72	4.356975041986563
pass	yard	3	75	59	4.34617564113404
year	60	3	320	14	4.328354364046795
article	post	3	68	66	4.325780420382969
august	marry	3	34	132	4.325780420382969
marry	december	3	132	34	4.325780420382969
die	mr	11	204	81	4.319831154051783
high	level	3	110	41	4.318725662849019
5	die	8	59	204	4.317606488937269
day	wed	3	226	20	4.315530323689212
police	vehicle	3	108	42	4.310432456049533
church	st	3	89	51	4.309478608053869
6	finish	3	44	104	4.297766044213372
air	feel	3	29	159	4.286773430579834
service	church	7	121	89	4.285433134087217
bear	30	4	131	47	4.284663027055518
light	serve	4	65	95	4.2804514589112035
different	style	3	155	30	4.2746223801090055
view	property	3	62	75	4.2746223801090055
late	bear	6	71	131	4.274467259949629
provide	music	6	118	79	4.271213583452818
short	live	5	46	169	4.270161582818771
love	sing	3	292	16	4.267812822111744
5	marry	5	59	132	4.267565806437673
meet	wait	3	130	36	4.265344566520995
$	4	3	65	72	4.265344566520995
public	attend	4	96	65	4.265344566520995
sound	like	13	50	406	4.263922491451797
coach	team	6	61	154	4.260113502733974
hospital	county	5	66	119	4.255391092491571
bear	january	3	131	36	4.2542893780119995
live	dream	3	169	28	4.249403022651973
day	nov	5	226	35	4.245140995797814
monday	away	3	50	95	4.243925582886089
3	marry	4	48	132	4.243318260190996
marry	january	3	132	36	4.243318260190996
000	people	4	29	219	4.23990682554186
take	loss	5	204	39	4.236775414324224
find	finally	4	220	29	4.233334171618374
point	19	4	228	28	4.23242994404826
jackson	point	3	21	228	4.23242994404826
die	30	6	204	47	4.230623187342629
break	heart	3	75	64	4.22881869049588
park	street	3	96	50	4.22881869049588
big	brother	3	155	31	4.227316665330649
get	attention	4	267	24	4.227016447861896
life	save	7	163	69	4.222777191318963
1	marry	5	61	132	4.219471518236628
place	take	19	151	204	4.209772312417616
follow	church	8	146	89	4.2071168904241905
bad	situation	3	65	75	4.206450877467426
create	project	3	57	86	4.198482612124923
schedule	begin	4	55	119	4.196497403438003
simple	answer	4	59	111	4.195615964558658
car	drive	3	78	63	4.194955238629597
day	oct	4	226	29	4.194514922727846
child	young	3	101	49	4.184716054124759
require	vote	4	87	76	4.181803870978292
play	defense	3	226	22	4.178026799939277
16	bear	3	38	131	4.1762868660107255
story	read	12	165	121	4.172451929471351
race	finish	3	48	104	4.172235162129513
3	finish	3	48	104	4.172235162129513
happen	incident	3	111	45	4.171368418311981
lead	assist	4	111	60	4.171368418311981
happen	soon	3	111	45	4.171368418311981
county	club	3	119	42	4.170502194905058
16	marry	3	38	132	4.165315748189722
add	cook	3	132	38	4.165315748189722
pass	bill	3	75	67	4.162729500038108
away	mrs	3	95	53	4.159861318097615
center	saturday	3	73	69	4.159288365333576
guy	nice	3	90	56	4.158429362604483
2	quarter	3	194	26	4.157284820663542
ask	question	8	101	134	4.148374207061038
job	nice	4	121	56	4.146456720938407
system	county	3	43	119	4.13655486298172
offer	special	3	97	53	4.129804084241435
hard	work	23	106	372	4.129157570656388
create	job	4	57	121	4.12092162883127
point	10	7	228	53	4.119219333600269
bad	thing	8	65	213	4.115597447016313
bear	county	9	131	119	4.114359116867524
bear	mrs	4	131	53	4.111331424169956
food	amaze	3	87	60	4.107803289534515
bear	15	3	131	40	4.102286284566949
son	bear	3	40	131	4.102286284566949
pass	july	3	75	70	4.099535673550914
support	thank	3	94	56	4.09569360725652
like	smell	3	406	13	4.0918617456654935
add	dig	3	132	40	4.091315166745946
add	15	3	132	40	4.091315166745946
school	teacher	4	177	40	4.083141235300246
lot	improve	3	152	35	4.080426850603209
look	promise	3	206	26	4.0706971356674515
player	lose	3	52	103	4.0706971356674515
point	20	6	228	47	4.070158515149383
high	attend	4	110	65	4.068947353717491
year	22	5	320	28	4.065319958213001
complete	expect	3	67	81	4.0516981876493645
let	decide	3	136	40	4.04824644485406
book	read	5	75	121	4.046921047387492
service	retire	3	121	45	4.046921047387492
run	score	7	179	71	4.046466905559272
conversation	start	4	34	214	4.043745052619119
vote	board	3	76	72	4.0397848661058635
hold	event	7	95	135	4.033358596946431
life	suffer	3	163	34	4.021446385510345
care	center	3	76	73	4.019885308668159
follow	st	4	146	51	4.010424979419093
family	raise	4	166	45	4.005782352594006
000	home	3	29	194	3.999743543677062
home	2012	3	194	29	3.999743543677062
point	average	4	228	33	3.9953907467474106
home	die	21	194	204	3.9926541188907425
school	district	3	177	32	3.990031830908764
know	weather	3	284	20	3.9859621665997174
news	article	3	84	68	3.977857116962662
meet	president	4	130	59	3.9676640178803098
die	20	5	204	47	3.967588781508835
14	bear	3	44	131	3.9647827608170143
14	marry	3	44	132	3.953811642996011
arrest	county	3	49	119	3.94810977356861
happy	end	4	72	108	3.9478623766648244
follow	memorial	3	146	40	3.9458847272243824
finish	record	4	104	75	3.9434164716336326
lead	10	3	111	53	3.935301060078457
month	season	3	55	107	3.9348106810659553
music	country	4	79	100	3.925037942318778
fine	look	3	29	206	3.9131558586809714
new	product	3	260	23	3.9117076119062943
start	construction	3	214	28	3.9088154725330106
1	bear	4	61	131	3.9085145411702693
life	injury	3	163	37	3.8994558611317345
place	large	3	151	40	3.8973045467793206
community	member	5	119	85	3.8903942757123224
miss	definitely	3	92	66	3.8896813055762953
run	allow	3	179	34	3.886358762477166
ball	play	3	27	226	3.8825709164131053
story	appear	3	165	37	3.881861801116996
bear	john	3	131	47	3.869625527776674
bear	20	3	131	47	3.869625527776674
thing	kind	6	213	58	3.8649467656383516
take	photo	8	204	81	3.8603995354144853
lot	spend	3	152	41	3.8521578629300928
year	term	4	320	26	3.850307067242151
assist	finish	3	60	104	3.850307067242151
provide	detail	3	118	53	3.8470738770667214
lead	goal	4	111	76	3.8303315004769143
meet	attend	4	130	65	3.8279392542136965
different	level	3	155	41	3.8239609710994404
old	woman	4	101	84	3.8221459747400504
school	board	6	177	72	3.820106829466452
price	high	3	58	110	3.81829667233953
find	inside	3	220	29	3.81829667233953
kill	finish	4	82	104	3.8146831575114297
chance	get	4	32	267	3.8119789485830515
approach	take	4	42	204	3.80793211552035
play	football	4	226	38	3.804568404411832
long	stand	4	121	71	3.804064523491329
decision	easy	3	78	83	3.7971957307825885
friend	family	6	78	166	3.7971957307825885
year	sentence	4	320	27	3.795859283219775
add	kill	5	132	82	3.7926568511814307
1	season	3	61	107	3.7854330570277286
die	21	3	204	32	3.785212039020266
single	play	3	29	226	3.779477423449002
hold	saturday	3	95	69	3.779257315882645
expect	continue	4	81	108	3.7779373752225123
$	child	3	65	101	3.7770580852115123
follow	soon	3	146	45	3.77595972578207
event	attend	4	135	65	3.77349147019132
day	couple	4	226	39	3.7670936989931696
away	july	3	95	70	3.7584987557158476
god	love	5	38	292	3.756850902834365
season	finish	5	107	104	3.7526962706157287
money	save	3	97	69	3.749200082026465
book	county	4	75	119	3.749038426466781
build	house	4	86	104	3.7459704074274156
high	coach	3	110	61	3.745540329904216
community	support	5	119	94	3.745196360172387
year	round	5	320	35	3.743391863325639
similar	problem	3	47	143	3.743177192535735
8	die	3	33	204	3.7408179196618128
die	health	3	204	33	3.7408179196618128
week	continue	5	104	108	3.7392757548534075
life	well	5	163	69	3.737350364148721
2	round	3	194	35	3.7284415218596676
park	state	5	96	118	3.7269974250749702
thing	social	3	213	32	3.7229277607659235
hear	public	4	95	96	3.7178567712185013
point	assist	6	228	60	3.7178567712185013
hold	public	4	95	96	3.7178567712185013
5	home	5	59	194	3.712047083608999
event	fund	3	135	51	3.7083964419694353
meet	agree	3	130	53	3.707349113400108
hope	lose	3	67	103	3.705047663350771
news	story	6	84	165	3.6989977439671855
die	december	3	204	34	3.6977491977699266
10	bear	3	53	131	3.6962939248911124
dead	think	3	32	217	3.6960861485472822
experience	learn	3	112	62	3.6960861485472822
report	road	3	118	59	3.692351282268079
expect	project	3	81	86	3.691522623405039
2	3	4	194	48	3.687799537362322
10	marry	3	53	132	3.685322807070109
like	sport	4	406	23	3.6837770070284166
work	co	3	372	19	3.6705510564401447
ask	shoot	3	101	70	3.6701428812950008
run	10	4	179	53	3.66093864844315
13	die	3	35	204	3.6559290220753
step	take	3	35	204	3.6559290220753
member	welcome	3	85	84	3.6559290220753
change	social	3	225	32	3.643856189774725
park	area	4	96	100	3.643856189774725
effect	go	3	32	227	3.6310888937008468
point	total	3	228	32	3.62474736682702
fish	like	5	30	406	3.622376462364273
die	january	3	204	36	3.615287037577954
take	test	3	204	36	3.615287037577954
die	september	3	204	36	3.615287037577954
die	scene	3	204	36	3.615287037577954
take	control	3	204	36	3.615287037577954
4	die	6	72	204	3.615287037577954
year	past	3	320	23	3.6121473300473865
example	good	8	48	409	3.6117553466077004
high	cost	3	110	67	3.6101884770093298
case	police	4	91	108	3.6099927379084407
little	child	3	73	101	3.60960133935995
free	park	4	103	96	3.601211852366231
report	fire	4	118	84	3.597714408130004
public	charge	3	96	78	3.5872726614083574
year	20	6	320	47	3.581120434426762
new	reality	3	260	29	3.577288572835735
win	score	5	177	71	3.5772503055702884
shoot	police	3	70	108	3.5734668618833267
school	system	3	177	43	3.563767076206666
plan	future	3	119	64	3.562819617683818
open	friday	3	147	52	3.557525318014305
real	issue	5	91	140	3.557525318014305
police	matt	3	108	71	3.5530027593236113
care	child	3	76	101	3.5514983847963815
provide	food	4	118	87	3.547088335060036
area	check	3	100	77	3.546994650522136
place	st	3	151	51	3.546807299695187
absolutely	right	3	41	188	3.545496524696041
home	return	4	194	53	3.5448415835202787
get	laugh	3	267	29	3.5389604541766357
give	away	3	82	95	3.53022976804273
day	summer	4	226	46	3.5289339617984052
die	st	4	204	51	3.5278241963276145
thursday	home	4	54	194	3.517874535920009
year	spend	5	320	41	3.515122875652522
2	march	3	194	41	3.5001725341865506
bear	mr	4	131	81	3.4994018758485304
year	budget	3	320	25	3.4918530963296748
season	record	3	107	75	3.487351704094734
year	12	5	320	42	3.4803574574918454
open	schedule	3	147	55	3.476605322630738
stay	try	3	75	108	3.473931188332412
call	police	4	100	108	3.473931188332412
season	goal	3	107	76	3.468242881147029
die	15	3	204	40	3.463283944132904
score	team	4	71	154	3.456141220071022
fresh	like	4	27	406	3.452451460921961
article	read	3	68	121	3.4513113024668276
question	important	4	134	82	3.4490336851947494
year	daughter	5	320	43	3.4464101255685073
play	suspect	3	226	37	3.4280050529476243
look	like	30	206	406	3.4277290315107294
group	support	3	89	94	3.4273150983477265
month	take	4	55	204	3.4188898247744506
way	street	3	169	50	3.4129017549348526
love	laugh	3	292	29	3.4098318269841723
shoot	long	3	70	121	3.409491126772201
year	10	6	320	53	3.4077888315412004
include	project	3	99	86	3.4020160062100544
work	progress	3	372	23	3.3949166138267173
take	minute	4	204	56	3.392894616241506
find	study	3	220	39	3.390875448604854
news	good	12	84	409	3.3893629252712527
run	june	3	179	48	3.3888591030063493
2	finish	7	194	104	3.37967724199999
old	man	5	101	143	3.3765201556277837
group	meet	4	89	130	3.3745736362757532
service	public	4	121	96	3.368849142274855
situation	different	4	75	155	3.3677317845004873
story	true	4	165	71	3.3566055465201075
offer	service	4	97	121	3.3538988008088837
feel	like	22	159	406	3.3538876264383712
free	available	4	103	114	3.3532843389226454
point	fail	3	228	39	3.3393451479647718
end	story	6	108	165	3.3364276645824775
high	mr	3	110	81	3.3364276645824775
come	statement	3	194	46	3.3341625827476213
like	act	3	406	22	3.3328698451692884
need	leader	3	373	24	3.3296430600153677
way	position	3	169	53	3.328837490146378
year	construction	3	320	28	3.3283543640467954
teach	lot	3	59	152	3.327066818186335
hard	play	8	106	226	3.3245754632922186
woman	leave	3	84	107	3.3238529718118546
cause	problem	3	63	143	3.320486120713456
turn	right	4	64	188	3.318086028592968
hold	hear	3	95	95	3.317926164329866
offer	support	3	97	94	3.303135687126997
home	drive	4	194	63	3.2954821145835616
easy	answer	3	83	111	3.288182083294731
find	vehicle	3	220	42	3.2839602446883416
say	extremely	4	412	30	3.2792837574788685
year	000	3	320	29	3.2777282909768273
work	volunteer	3	372	25	3.2746223801090055
love	everybody	3	292	32	3.2678128221117446
meet	public	4	130	96	3.265344566520995
add	score	3	132	71	3.263496142128626
brown	say	3	23	412	3.2475748977515306
4	marry	3	72	132	3.243318260190996
state	police	4	118	108	3.235144328745296
report	police	4	118	108	3.235144328745296
take	picture	3	204	47	3.230623187342629
take	20	3	204	47	3.230623187342629
good	pretty	12	409	94	3.227091496372376
day	late	5	226	71	3.2246768932380983
expect	begin	3	81	119	3.2229696147991937
game	play	15	214	226	3.2179195270627896
begin	let	5	119	136	3.212322370599685
school	schedule	3	177	55	3.2086721173841046
great	relationship	3	272	36	3.20024953829911
good	everybody	4	409	32	3.196717847328857
good	taste	3	409	24	3.196717847328857
center	event	3	73	135	3.1909972250609138
home	st	3	194	51	3.1852991968331383
understand	issue	3	71	140	3.178607244542113
6	play	3	44	226	3.1780267999392766
day	14	3	226	44	3.1780267999392766
time	test	4	369	36	3.175272872767897
time	ball	3	369	27	3.175272872767897
open	fall	3	147	68	3.1705021949050582
add	goal	3	132	76	3.1653157481897227
city	bear	5	128	131	3.1611799736205177
friday	home	3	52	194	3.1572848206635418
win	goal	4	177	76	3.1571418167440224
share	family	3	61	166	3.151860612081951
city	marry	5	128	132	3.1502088557995145
take	office	3	204	50	3.141355849245542
year	21	3	320	32	3.1357092861043996
away	try	3	95	108	3.1328942704973453
long	member	3	121	85	3.1293832075794654
free	program	3	103	100	3.1272806640338184
bad	feel	3	65	159	3.1223866126789517
tell	let	3	76	136	3.122247026297837
die	county	7	204	119	3.1127866970487705
die	night	4	204	68	3.1127866970487705
free	event	4	103	135	3.1093587560365563
change	wo	4	225	62	3.1046973786666934
team	excite	3	154	68	3.103387999046521
money	try	3	97	108	3.1028370366411653
know	numb	3	284	37	3.09843689585813
park	follow	4	96	146	3.097887820669432
different	night	3	155	68	3.0940501344671847
year	boy	3	320	33	3.091315166745946
5	run	3	59	179	3.0911785543656642
service	follow	5	121	146	3.085915179003356
great	deal	4	272	52	3.084772320879174
center	follow	3	73	146	3.0779882632317275
monday	start	3	50	214	3.07231420481589
provide	service	4	118	121	3.07116859363417
say	johnson	3	412	26	3.0706971356674515
think	idea	4	217	66	3.0667295284676728
find	surprise	3	220	49	3.061567823351894
mean	lot	3	71	152	3.0599627480434943
1	win	3	61	177	3.059294493345878
year	retire	4	320	45	3.0588936890535687
dog	love	3	37	292	3.0583594564827945
great	teacher	3	272	40	3.04824644485406
home	stay	4	194	75	3.043943347587597
start	let	8	214	136	3.043745052619119
new	welcome	6	260	84	3.0429521451845467
great	job	9	272	121	3.036273803187984
city	project	3	128	86	3.031372626289664
4	take	4	72	204	3.0303245368567975
happy	help	3	72	153	3.0303245368567975
process	start	5	86	214	3.026871234054723
create	new	4	57	260	3.0174170530774096
question	interest	3	134	83	3.0165087591870647
service	company	3	121	92	3.0152121876601545
center	take	4	73	204	3.010424979419093
18	year	3	35	320	3.0064262691594332
want	everybody	3	351	32	3.002310160687201
way	lead	5	169	111	2.9993076725256778
year	30	4	320	47	2.996157933705606
year	teach	5	320	59	2.990031830908764
school	local	3	177	64	2.990031830908764
year	serve	8	320	95	2.9808911770522952
say	challenge	8	412	74	2.9767209874584375
2	5	3	194	59	2.975081489442793
open	house	4	147	104	2.972562817293149
day	st	3	226	51	2.9650330766050783
work	currently	3	372	31	2.964282259496855
good	idea	7	409	66	2.9596786500280072
life	mean	3	163	71	2.959162107256002
2	hand	3	194	60	2.9508339431961157
win	team	7	177	154	2.9456377115503107
church	marry	3	89	132	2.9375098306669107
like	bite	3	406	29	2.9343204686790134
year	mark	3	320	37	2.92625592047545
open	expect	3	147	81	2.9181150332707726
change	course	3	225	53	2.9159357352115256
help	friend	3	153	78	2.914847319436862
win	event	6	177	135	2.9132162338579333
way	start	9	169	214	2.9002534590295865
home	family	8	194	166	2.8977226067365534
16	year	3	38	320	2.887781772660814
time	long	11	369	121	2.885766255572912
game	goal	4	214	76	2.883280380425873
need	help	14	373	153	2.87961013938032
year	seven	4	320	51	2.8783214434117474
people	nice	3	219	56	2.8754953993329844
good	extremely	3	409	30	2.8747897524414943
want	improve	3	351	35	2.8730271437422346
park	city	3	96	128	2.8726748802706057
good	job	12	409	121	2.8628171107754183
find	property	4	220	75	2.862496476250065
week	begin	3	104	119	2.862379899542726
1	die	3	61	204	2.85447470145738
job	lose	3	121	103	2.8522736165339486
$	home	3	65	194	2.8353567257761796
game	win	9	214	177	2.8335273452287737
want	relationship	3	351	36	2.8323851592448888
day	perfect	3	226	56	2.8301034965189698
high	team	4	110	154	2.8245286260510447
good	player	5	409	52	2.818206224075127
bar	say	3	31	412	2.8169405434216683
hard	job	3	106	121	2.810853689153968
love	film	3	292	44	2.8083812034744473
take	hour	3	204	63	2.80793211552035
hear	let	3	95	136	2.8003189314104744
long	season	3	121	107	2.79730715731602
love	kid	5	292	74	2.795325050649001
join	want	3	37	351	2.7928567950582512
come	cost	3	194	67	2.7916353483468614
real	problem	3	91	143	2.789971404014676
school	close	3	177	74	2.7805784652798144
game	lose	5	214	103	2.766635461573603
new	member	5	260	85	2.762844225991812
school	record	3	177	75	2.7612131404128832
child	marry	3	101	132	2.7550317788815137
music	live	3	79	169	2.7529771965324743
game	finish	5	214	104	2.7526962706157287
life	important	3	163	82	2.7513572221426004
2	saturday	3	194	69	2.749200082026465
love	stuff	3	292	46	2.7442508660547316
fire	start	4	84	214	2.7388904710906985
home	july	3	194	70	2.7284415218596676
look	face	3	206	66	2.72674273445009
fact	know	3	48	284	2.7229277607659235
find	interest	4	220	83	2.7162757353990212
need	research	3	373	37	2.705152195107574
project	start	4	86	214	2.7049431391673604
feel	wrong	3	159	87	2.701810929858678
run	week	4	179	104	2.688419384865257
completely	say	3	34	412	2.6836740125582037
say	excite	6	412	68	2.6836740125582037
add	win	5	132	177	2.682603305716517
live	world	4	169	111	2.677379577638315
year	14	3	320	44	2.6762776674671023
high	city	3	110	128	2.6762776674671023
play	week	5	226	104	2.673984294601688
different	lot	5	155	152	2.6705510564401447
great	player	3	272	52	2.66973482160033
thing	happen	5	213	111	2.665477488582024
say	opportunity	4	412	46	2.662612397030374
find	police	5	220	108	2.6583557594698397
new	release	3	260	55	2.6539098544386475
open	meet	4	147	130	2.650634722405787
school	mr	3	177	81	2.6501818280241394
help	support	3	153	94	2.6456606866214725
want	spend	3	351	41	2.6447581560691176
time	tough	3	369	39	2.6447581560691176
long	begin	3	121	119	2.643956380409224
fee	say	3	35	412	2.641853836863577
new	challenge	4	260	74	2.640853701613201
late	die	3	71	204	2.635464919515584
well	want	5	69	351	2.6307512980752383
2	record	3	194	75	2.628905848308753
bad	play	3	65	226	2.6150906055481196
know	well	4	284	69	2.6144033039877543
open	area	3	147	100	2.6141088463806725
money	lot	3	97	152	2.6097970253610487
2	goal	3	194	76	2.6097970253610487
saturday	start	3	69	214	2.6076459378124457
game	saturday	3	214	69	2.6076459378124457
life	long	4	163	121	2.6050834887649335
mind	say	3	36	412	2.601211852366231
love	fall	4	292	68	2.595387480140249
change	world	5	225	111	2.5864059175908247
free	2	4	103	194	2.5862615109002594
dog	like	3	37	406	2.5828480981776356
point	team	7	228	154	2.5803532474685666
business	family	4	121	166	2.578772211649086
service	family	4	121	166	2.578772211649086
time	spend	3	369	41	2.572608370313282
game	score	3	214	71	2.5664232750859326
2	bear	5	194	131	2.56126713143339
play	guy	4	226	90	2.560642821525743
place	event	4	151	135	2.557454543894696
need	huge	3	373	41	2.55705355611844
way	long	4	169	121	2.5529322067138267
story	different	5	165	155	2.5521563556379148
understand	think	3	71	217	2.5463390290426005
write	start	3	72	214	2.5462453931483027
time	perfect	4	369	56	2.5378429521526056
different	country	3	155	100	2.5376567859427994
take	lot	6	204	152	2.537284525576681
care	die	3	76	204	2.537284525576681
thing	little	3	213	73	2.5331032018859063
play	saturday	3	226	69	2.5289339617984052
day	saturday	3	226	69	2.5289339617984052
approach	need	3	42	373	2.5222881379577635
place	finish	3	151	104	2.5187929235255906
county	marry	3	119	132	2.5184254983253647
life	change	7	163	225	2.5175204568800953
open	season	3	147	107	2.5164980497542504
good	team	12	409	154	2.5148938073551115
price	great	3	58	272	2.5121935446138504
school	community	4	177	119	2.5102515668796648
new	town	3	260	61	2.504532230400421
take	meet	5	204	130	2.499809820158018
work	system	3	372	43	2.4922138151816324
finish	team	3	104	154	2.490411122155768
community	event	3	119	135	2.486004020632987
smith	say	3	39	412	2.485734634946295
2	home	7	194	194	2.4802041179539542
new	house	5	260	104	2.4717954439884213
city	live	4	128	169	2.4717954439884213
like	teacher	3	406	40	2.470373368919223
run	long	4	179	121	2.4699958657317547
good	feel	12	409	159	2.4687973927656577
point	game	9	228	214	2.468242881147029
2	fire	3	194	84	2.4654071160258737
great	amaze	3	272	60	2.463283944132904
say	fun	4	412	53	2.458253898524188
4	point	3	72	228	2.454822365384708
point	board	3	228	72	2.454822365384708
issue	state	3	140	118	2.445711314684954
life	live	5	163	169	2.4449953846447063
little	go	3	73	227	2.4412643348208296
big	problem	4	155	143	2.4366791382179787
like	girl	3	406	41	2.434749459188502
day	challenge	3	226	74	2.4280050529476243
build	new	4	86	260	2.424042312540053
state	problem	3	118	143	2.415122994851531
say	email	3	412	41	2.4135848491904595
time	short	3	369	46	2.4065984188743528
lead	take	4	111	204	2.405833671949004
school	public	3	177	96	2.405069330187608
new	post	3	260	66	2.390875448604854
game	season	4	214	107	2.389740907468312
season	start	4	107	214	2.389740907468312
game	end	4	214	108	2.37632039170599
bad	get	3	65	267	2.3745736362757532
different	experience	3	155	112	2.37415805365992
thing	good	15	213	409	2.368898822711537
open	plan	3	147	119	2.3631472728474536
build	great	4	86	272	2.3589472843181682
2	place	5	194	151	2.356285393645761
good	morning	3	409	43	2.355415593347915
father	know	3	62	284	2.3536939511002046
real	come	3	91	194	2.3499298986059376
thing	interest	3	213	83	2.347888329418999
add	run	4	132	179	2.3444649836478955
work	year	20	372	320	2.3335160691625743
run	program	3	179	100	2.3299654139527806
help	want	9	153	351	2.3298848187157053
need	fact	3	373	48	2.3296430600153677
great	idea	3	272	66	2.325780420382969
time	wonderful	3	369	49	2.3154505308161575
group	take	3	89	204	2.3094786080538685
find	easy	3	220	83	2.3012382361201773
find	answer	4	220	111	2.29689930039584
get	well	3	267	69	2.288416992526039
2	set	3	194	95	2.287868930473686
feel	different	4	159	155	2.2836675197120124
look	guy	3	206	90	2.2792837574788685
city	home	4	128	194	2.272762038083478
work	hope	4	372	67	2.2674268787048018
high	go	4	110	227	2.264766679455031
point	high	4	228	110	2.2584251525812045
come	money	3	194	97	2.2578116966175066
coach	say	4	61	412	2.255437015524501
5	year	3	59	320	2.253066236742558
school	leave	3	177	107	2.248564844507617
statement	say	3	46	412	2.2475748977515306
away	get	4	95	267	2.2421233402521037
change	bring	3	225	85	2.234465253637023
time	finish	6	369	104	2.2297206567902736
great	make	3	272	71	2.2204274202367404
run	end	3	179	108	2.2189341015640367
job	get	5	121	267	2.2150438061958195
need	new	15	373	260	2.214165842595432
year	expect	4	320	81	2.2108967824986188
place	meet	3	151	130	2.1968648286382284
guy	love	4	90	292	2.1909972250609138
work	market	3	372	53	2.190558115320531
say	proud	3	412	48	2.186174353087387
2	die	6	194	204	2.1852991968331383
people	lot	5	219	152	2.171888402113209
meet	team	3	130	154	2.168483027268406
like	idea	4	406	66	2.162944843726976
help	people	5	153	219	2.162428072864143
way	feel	4	169	159	2.158912488704066
mean	know	3	71	284	2.1581431419823978
come	week	3	194	104	2.1572848206635418
2	house	3	194	104	2.1572848206635418
point	win	6	228	177	2.1571418167440224
say	surprise	3	412	49	2.1564270096933353
new	car	3	260	78	2.1498673491010587
day	long	4	226	121	2.1336326805808232
long	play	4	121	226	2.1336326805808232
work	company	5	372	92	2.131882207992924
great	place	6	272	151	2.1317698004163437
year	project	4	320	86	2.124482030681145
take	event	4	204	135	2.123433941248279
life	way	4	163	169	2.1230672897573437
serve	people	3	95	219	2.1129947130596403
win	state	3	177	118	2.107388781546923
great	team	6	272	154	2.103387999046521
point	miss	3	228	92	2.101185410770007
break	need	4	75	373	2.100824369519487
look	let	4	206	136	2.0987115118370476
day	big	5	226	155	2.098299607468543
family	live	4	166	169	2.0967560126414964
year	marry	6	320	132	2.091315166745946
money	people	3	97	219	2.0829374792034607
need	information	4	373	76	2.0817155465717825
good	deal	3	409	52	2.081240629908921
new	important	3	260	82	2.0777175633452236
meet	people	4	130	219	2.0755200076409777
program	start	3	100	214	2.07231420481589
school	business	3	177	121	2.07116859363417
year	complete	3	320	67	2.069620095646627
2	lead	3	194	111	2.063308672454528
away	go	3	95	227	2.061233285369899
run	business	3	179	121	2.0549583664529107
need	money	5	373	97	2.0516583127156025
good	make	4	409	71	2.0469707278241747
2	go	6	194	227	2.031176051513719
work	music	4	372	79	2.029735320985471
new	bring	3	260	85	2.0258786318256052
old	love	4	101	292	2.024638838638794
good	think	12	409	217	2.0201291156055334
need	plan	6	373	119	2.0197877974285805
point	meet	4	228	130	2.0174170530774096
house	start	3	104	214	2.0157306764495226
begin	right	3	119	188	2.008230766006181
feel	right	4	159	188	2.005203073308613
play	call	3	226	100	1.9936022288018493
good	kid	4	409	74	1.987264481699907
year	late	3	320	71	1.9859621665997174
like	nice	3	406	56	1.9849465417489816
love	car	3	292	78	1.9824106032494961
great	experience	4	272	112	1.9778571169626622
run	city	3	179	128	1.9738216037275054
hard	think	3	106	217	1.9681656939840833
win	meet	3	177	130	1.96766401788031
way	go	5	169	227	1.9671750515848687
new	plan	4	260	119	1.9554893039342076
day	enjoy	3	226	103	1.9509578913933556
leave	people	3	107	219	1.9413833349894414
day	week	3	226	104	1.9370187004354817
year	close	3	320	74	1.9262559204754497
game	lead	3	214	111	1.9217545282405089
new	company	3	260	92	1.9117076119062943
good	friend	4	409	78	1.9113156284666084
thing	right	5	213	188	1.9053045032544924
report	take	3	118	204	1.9025689896584248
state	take	3	118	204	1.9025689896584248
work	continue	5	372	108	1.900556661886468
run	event	3	179	135	1.8970060066766745
time	face	3	369	66	1.8857662555729122
day	end	3	226	108	1.8825709164131055
great	guy	3	272	90	1.8783214434117477
year	die	8	320	204	1.8783214434117477
work	definitely	3	372	66	1.874084450525277
game	team	4	214	154	1.8644213531745573
year	finish	4	320	104	1.850307067242151
need	complete	3	373	67	1.8485163702787515
hear	want	4	95	351	1.8474920516350972
happen	go	3	111	227	1.8366730273507408
offer	new	3	97	260	1.8353567257761796
great	think	7	272	217	1.831015728633391
new	meet	4	260	130	1.8279392542136965
need	real	4	373	91	1.8218484198166716
game	plan	3	214	119	1.8213526312826713
say	learn	3	412	62	1.816940543421668
2	marry	3	194	132	1.8133304194461806
want	people	9	351	219	1.812485601807184
need	well	3	373	69	1.8060811039583549
add	new	4	132	260	1.8059129478836977
business	start	3	121	214	1.7973071573160202
year	end	4	320	108	1.7958592832197746
new	program	3	260	100	1.7914133781885826
school	open	3	177	147	1.7903594860724
run	home	4	179	194	1.7889462608192215
year	let	5	320	136	1.7852120390202662
time	stand	3	369	71	1.7804132554266836
need	support	4	373	94	1.7750542083377305
change	want	9	225	351	1.77349147019132
new	live	5	260	169	1.771355725847329
look	city	3	206	128	1.7711368538085432
read	love	4	121	292	1.763987084115994
bad	good	3	65	409	1.7593125350215584
new	look	6	260	206	1.7487690407800889
year	woman	3	320	84	1.7433918633256391
big	like	7	155	406	1.7385694798687958
year	bring	3	320	85	1.7263183499666976
need	little	3	373	73	1.7247810018565066
guy	like	4	90	406	1.7154858667557547
love	people	7	292	219	1.715418183847019
long	go	3	121	227	1.7122256564262524
year	build	3	320	86	1.7094445314023015
year	process	3	320	86	1.7094445314023015
say	bill	3	412	67	1.705047663350771
good	guy	4	409	90	1.704864750999182
real	like	4	91	406	1.699544322886733
time	place	6	369	151	1.6917556356062868
work	student	3	372	75	1.6896598793878495
need	country	4	373	100	1.685786870240643
like	person	3	406	69	1.6837770070284164
time	goal	3	369	76	1.6822328614877802
case	say	4	91	412	1.678379712888691
leave	want	4	107	351	1.675880673564898
good	reason	3	409	69	1.6731558912718438
2	come	4	194	194	1.6728491958963503
school	year	6	177	320	1.668103736021402
life	want	6	163	351	1.6535820064561235
change	thing	5	225	213	1.6461121637150926
know	let	4	284	136	1.6354649195155841
great	season	3	272	107	1.6287075533402755
man	great	4	143	272	1.6253407022418769
write	like	3	72	406	1.6223764623642731
come	help	3	194	153	1.6003366961119823
get	experience	3	267	112	1.5895865272466039
school	play	4	177	226	1.5848903677724204
get	right	5	267	188	1.5793181917927765
day	run	4	226	179	1.5686801405911615
get	lot	4	267	152	1.5640514351394663
think	right	4	217	188	1.5565347961484888
book	good	3	75	409	1.552861657554132
day	go	5	226	227	1.5478755254518652
year	offer	3	320	97	1.5357964439172718
win	want	6	177	351	1.5347046106042035
good	today	4	409	102	1.5242925053573613
community	want	4	119	351	1.5225298966581013
need	fire	3	373	84	1.5222881379577637
work	way	6	372	169	1.517599133601546
take	different	3	204	155	1.5090876337460286
plan	get	3	119	267	1.5021236859962643
decision	say	3	78	412	1.4857346349462952
community	great	3	119	272	1.475356776433479
year	event	4	320	135	1.4739311883324122
year	live	5	320	169	1.4717954439884213
change	come	4	225	194	1.458980846866441
want	support	3	351	94	1.4477213090095638
thing	different	3	213	155	1.446803355491686
game	look	4	214	206	1.4447073666862402
big	game	3	155	214	1.4400459893163773
find	place	3	220	151	1.4378729281420233
day	open	3	226	147	1.4377860737402097
new	city	3	260	128	1.4352695679633072
want	talk	3	351	95	1.4324545523562533
say	try	4	412	108	1.4312868509239187
say	mr	3	412	81	1.4312868509239187
time	real	3	369	91	1.4223657347326695
find	help	3	220	153	1.4188898247744504
different	people	3	155	219	1.4067259161163508
money	want	3	97	351	1.4023973185000733
fire	like	3	84	406	1.399984041027825
year	man	4	320	143	1.3908754486048538
home	win	3	194	177	1.3901189887216365
day	take	4	226	204	1.3800705758839222
story	want	5	165	351	1.3729535406075914
point	take	4	228	204	1.3673595241343683
area	want	3	100	351	1.3584539709124765
get	marry	3	267	132	1.3525473299457544
year	open	4	320	147	1.3510744405468789
job	love	3	121	292	1.3489495848371502
need	hear	3	373	95	1.3447499524055762
win	get	4	177	267	1.344373398500054
good	food	3	409	87	1.3387368522012848
change	need	7	225	373	1.323216790855935
good	say	14	409	412	1.3175722422032425
win	say	6	177	412	1.303531303725546
great	play	5	272	226	1.286961171492441
love	live	4	292	169	1.281970885108404
new	problem	3	260	143	1.2753982311849177
game	like	7	214	406	1.2732268987418864
time	old	3	369	101	1.271948892179571
job	say	4	121	412	1.2673111158127925
say	lot	5	412	152	1.2601749345311641
thing	say	7	213	412	1.2588196549191533
good	company	3	409	92	1.2581183919930001
come	home	3	194	194	1.2578116966175064
work	great	8	372	272	1.246053227912235
time	enjoy	3	369	103	1.2436598477481473
day	live	3	226	169	1.2365789822943896
open	new	3	147	260	1.2355972231269428
work	week	3	372	104	1.2180388517426382
year	service	3	320	121	1.216846048829805
say	pretty	3	412	94	1.216548002130906
school	people	3	177	219	1.215244771307591
park	say	3	96	412	1.1861743530873874
2	take	3	194	204	1.1852991968331383
play	say	7	226	412	1.1733503127298035
win	go	3	177	227	1.1634833436178493
new	different	3	260	155	1.1591451626890699
man	know	3	143	284	1.1480189247086903
time	happen	3	369	111	1.1357445085812596
year	start	5	320	214	1.1312078938694585
get	team	3	267	154	1.1301549086093066
big	get	3	155	267	1.1208170440299703
need	answer	3	373	111	1.1201896943864178
need	world	3	373	111	1.1201896943864178
question	say	4	134	412	1.1200851626296149
way	good	5	169	409	1.1177665059340347
year	meet	3	320	130	1.1133414730759448
time	right	5	369	188	1.1125371174199346
time	lot	4	369	152	1.097270360766624
work	lot	4	372	152	1.0855885557189886
new	story	3	260	165	1.0689473537174914
find	new	4	220	260	1.0689473537174914
school	good	5	177	409	1.0510403921332216
good	win	5	409	177	1.0510403921332216
time	report	3	369	118	1.0475173255695245
great	get	5	272	267	1.0464442022200746
great	start	4	272	214	1.043745052619119
2	day	3	194	226	1.0375455763894466
day	new	4	226	260	1.0301281048269633
work	begin	3	372	119	1.023660806575787
like	people	6	406	219	1.017514404205412
live	want	4	169	351	1.0164682236838605
time	service	3	369	121	1.0112971376567712
need	long	3	373	121	0.9957423234619295
great	way	3	272	169	0.9692951034592381
school	new	3	177	260	0.9676640178803099
place	good	4	151	409	0.9583131080037779
2	year	4	194	320	0.9508339431961156
thing	love	4	213	292	0.94814070116475
good	get	7	409	267	0.943376837698907
story	know	3	165	284	0.9415680472412639
time	city	3	369	128	0.9301603749313657
life	love	3	163	292	0.9190846678806669
time	meet	3	369	130	0.9077925619029112
change	game	3	225	214	0.9023892033735778
story	love	3	165	292	0.9014906078659287
provide	good	3	118	409	0.8990372986881716
family	love	3	166	292	0.8927733907648199
need	think	5	373	217	0.8900199224582508
game	go	3	214	227	0.8896219072996999
run	great	3	179	272	0.8863587624771659
play	think	3	226	217	0.8759071861320946
feel	say	4	159	412	0.8732913978030319
know	want	6	284	351	0.8525630411825189
know	say	7	284	412	0.8437821556403092
story	like	4	165	406	0.8410167488396136
look	good	5	206	409	0.8321454150330007
work	good	9	372	409	0.8274840376631378
home	want	4	194	351	0.8174348177789171
school	love	3	177	292	0.8002072720287471
2	get	3	194	267	0.7970286071170801
thing	like	5	213	406	0.7945574377469534
great	come	3	272	194	0.7702616975542946
game	say	5	214	412	0.7666354615736026
need	know	6	373	284	0.764858441231842
place	want	3	151	351	0.7639054213621221
know	right	3	284	188	0.7533014098094423
big	want	3	155	351	0.7261857554129636
change	say	5	225	412	0.6943212567577126
new	start	3	260	214	0.6938025815621602
work	place	3	372	151	0.6800738305586514
start	want	4	214	351	0.6758806735648979
time	good	8	369	409	0.6692408412684607
year	win	3	320	177	0.6681037360214019
new	people	3	260	219	0.6604825083621338
start	get	3	214	267	0.6554744629030609
year	run	3	320	179	0.651893508840143
need	say	8	373	412	0.6431425328321494
man	like	3	143	406	0.6324301270281962
get	people	3	267	219	0.6221543897030344
man	good	3	143	409	0.6218090112716235
time	get	5	369	267	0.606430037410018
time	game	4	369	214	0.6037308878090626
play	get	3	226	267	0.57676248688902
day	great	3	226	272	0.5499955773262346
say	want	7	412	351	0.5382020548404305
know	people	3	284	219	0.5331032018859064
time	change	4	369	225	0.5314166829931725
year	new	4	320	260	0.5283789723547887
like	say	8	406	412	0.520838435902211
work	go	4	372	227	0.5069675818716591
year	get	4	320	267	0.4900508536956894
year	great	4	320	272	0.4632839441329038
year	take	3	320	204	0.4632839441329038
time	win	3	369	177	0.46255482484836835
game	good	4	214	409	0.45525086092770983
play	love	3	226	292	0.44763385969655684
love	go	3	292	227	0.44126433482082955
say	think	4	412	217	0.42462312064290797
good	people	4	409	219	0.4219307877276832
like	family	3	406	166	0.4172620324596607
good	story	3	409	165	0.41535813380419706
family	say	3	166	412	0.3960974224616187
day	good	4	226	409	0.3765388849136691
play	good	4	226	409	0.3765388849136691
day	say	4	226	412	0.3659953906721995
need	right	3	373	188	0.36001670905888666
time	new	4	369	260	0.32283006118175506
year	change	3	320	225	0.32192809488736235
work	home	3	372	194	0.3185657276966027
love	say	5	292	412	0.3182778890947323
school	say	3	177	412	0.303531303725546
run	say	3	179	412	0.28732107654428685
work	get	4	372	267	0.2728201374750201
time	great	4	369	272	0.25773503295987005
time	take	3	369	204	0.25773503295987005
want	think	3	351	217	0.24075892824272171
love	get	3	292	267	0.2071168904241907
time	thing	3	369	213	0.19545075470552736
2	like	3	194	406	0.19238862161945788
home	like	3	194	406	0.19238862161945788
play	want	3	226	351	0.18213119827201338
work	start	3	372	214	0.17701158348258356
need	game	3	373	214	0.17313857433537713
need	start	3	373	214	0.17313857433537713
come	say	3	194	412	0.17122401162141573
get	say	4	267	412	0.12547842139983326
work	need	5	372	373	0.11241234379469865
time	play	3	369	226	0.10998141251617803
day	time	3	226	369	0.10998141251617803
time	year	4	369	320	0.023269779322847295
work	like	5	372	406	-0.009891753135239649
play	like	3	226	406	-0.02787749860860226
say	go	3	412	227	-0.05541163348237165
work	want	4	372	351	-0.12181115114198644
work	time	4	372	369	-0.1939609368978219
time	need	4	369	373	-0.19783394604502824
work	love	3	372	292	-0.27134598899628687
great	say	3	272	412	-0.31632598744179613
work	say	4	372	412	-0.35298445802064427
good	love	3	409	292	-0.40814421083000424
year	say	3	320	412	-0.5507912410788189
good	want	3	409	351	-0.6736468722545477
good	like	3	409	406	-0.8836555691351632
